movie_info_idx##movie_info_idx.info_type_id,=,99#459925
movie_companies##movie_companies.company_type_id,>,1#1334883
title##title.kind_id,>,1,title.season_nr,<,10#1778095
movie_keyword##movie_keyword.keyword_id,<,59319#4263663
movie_companies###2609129
movie_info_idx##movie_info_idx.info_type_id,<,101#919850
title##title.episode_nr,<,33,title.production_year,>,72#1966353
movie_companies###2609129
movie_info###14835720
movie_companies##movie_companies.company_type_id,<,2#1274246
movie_info_idx###1380035
title##title.episode_nr,<,2892,title.kind_id,>,1#1826472
movie_info##movie_info.info_type_id,>,1#14033580
movie_companies###2609129
cast_info###36244344
movie_keyword##movie_keyword.keyword_id,>,788#3697711
cast_info##cast_info.role_id,<,10#31605208
cast_info###36244344
movie_info##movie_info.info_type_id,<,16#9565151
movie_companies##movie_companies.company_type_id,<,2#1274246
title##title.series_years,<,1397,title.kind_id,<,7,title.phonetic_code,>,0#970448
movie_keyword##movie_keyword.keyword_id,>,613#3808083
movie_keyword###4523930
movie_info###14835720
cast_info##cast_info.role_id,=,1#12670688
movie_companies###2609129
movie_keyword###4523930
movie_companies###2609129
movie_info_idx##movie_info_idx.info_type_id,<,101#919850
cast_info###36244344
cast_info###36244344
movie_info###14835720
movie_info###14835720
movie_info##movie_info.info_type_id,<,18#12970088
movie_info_idx###1380035
movie_info##movie_info.info_type_id,>,1#14033580
movie_info##movie_info.info_type_id,>,2#12744652
movie_info_idx##movie_info_idx.info_type_id,=,101#459925
movie_keyword##movie_keyword.keyword_id,<,31488#3941783
movie_keyword##movie_keyword.keyword_id,<,12233#3157571
title##title.episode_nr,>,0#1102414
movie_companies##movie_companies.company_type_id,<,2#1274246
title##title.series_years,>,0#90875
movie_keyword##movie_keyword.keyword_id,<,95990#4466032
title##title.season_nr,<,5,title.imdb_index,>,0,title.kind_id,<,7,title.series_years,>,0#492
movie_info##movie_info.info_type_id,<,46#13663090
movie_info##movie_info.info_type_id,<,18#12970088
title##title.kind_id,=,3,title.episode_nr,<,1565,title.production_year,>,51#100407
title##title.season_nr,<,6,title.production_year,>,0#2290022
movie_keyword###4523930
title##title.kind_id,>,1#1865487
movie_info_idx###1380035
movie_info_idx##movie_info_idx.info_type_id,=,101#459925
movie_info##movie_info.info_type_id,>,2#12744652
cast_info###36244344
movie_keyword###4523930
movie_info_idx###1380035
movie_info###14835720
cast_info###36244344
movie_info##movie_info.info_type_id,>,1#14033580
title##title.imdb_index,>,0#26270
movie_keyword###4523930
movie_info_idx##movie_info_idx.info_type_id,<,101#919850
cast_info###36244344
cast_info##cast_info.nr_order,>,1#9271547
title##title.kind_id,<,7,title.production_year,<,125,title.phonetic_code,<,19561,title.imdb_index,=,0#779524
movie_info###14835720
cast_info##cast_info.role_id,=,2#7451973
cast_info##cast_info.nr_order,<,28#9777680
movie_info##movie_info.info_type_id,>,2#12744652
title##title.season_nr,=,0,title.phonetic_code,<,20504#1379366
movie_keyword##movie_keyword.keyword_id,>,406#3946835
movie_companies###2609129
movie_info###14835720
movie_companies###2609129
cast_info###36244344
movie_companies##movie_companies.company_type_id,>,1#1334883
movie_keyword###4523930
movie_info##movie_info.info_type_id,>,3#11210743
title##title.phonetic_code,>,0#1810013
movie_companies##movie_companies.company_type_id,>,1#1334883
movie_info_idx###1380035
cast_info##cast_info.role_id,=,1#12670688
title##title.kind_id,>,1#1865487
movie_info_idx###1380035
movie_keyword###4523930
cast_info###36244344
movie_keyword###4523930
cast_info###36244344
movie_info###14835720
title##title.kind_id,=,7#1543264
movie_keyword##movie_keyword.keyword_id,<,63740#4296140
movie_info_idx###1380035
title##title.season_nr,<,14#2473044
movie_keyword###4523930
title##title.phonetic_code,<,13771,title.kind_id,=,7,title.season_nr,>,0#856710
movie_info###14835720
title##title.phonetic_code,>,0,title.episode_nr,>,0#711394
movie_keyword##movie_keyword.keyword_id,<,55261#4232508
movie_info_idx##movie_info_idx.info_type_id,>,99#920110
movie_info_idx###1380035
cast_info##cast_info.nr_order,<,47#10352320
movie_keyword##movie_keyword.keyword_id,<,55437#4233931
title##title.phonetic_code,>,0,title.episode_nr,<,19,title.production_year,>,54,title.season_nr,<,14#1422260
cast_info##cast_info.nr_order,<,2000#10730411
movie_info##movie_info.info_type_id,>,6#8950757
movie_keyword###4523930
movie_keyword##movie_keyword.keyword_id,>,43#4485181
movie_info_idx##movie_info_idx.info_type_id,>,99#920110
cast_info###36244344
movie_info##movie_info.info_type_id,>,1#14033580
movie_info_idx###1380035
movie_companies###2609129
movie_info##movie_info.info_type_id,>,1#14033580
movie_info###14835720
movie_companies##movie_companies.company_type_id,>,1#1334883
title##title.season_nr,<,13,title.series_years,<,1368,title.episode_nr,<,204,title.phonetic_code,<,23181#2345204
movie_info##movie_info.info_type_id,>,1#14033580
movie_keyword###4523930
movie_keyword##movie_keyword.keyword_id,<,25222#3779835
movie_keyword###4523930
movie_info_idx##movie_info_idx.info_type_id,>,99#920110
movie_info_idx##movie_info_idx.info_type_id,<,101#919850
title##title.season_nr,>,0#1103803
cast_info###36244344
movie_keyword##movie_keyword.keyword_id,<,16264#3377245
movie_keyword###4523930
cast_info###36244344
movie_info##movie_info.info_type_id,<,104#14370084
movie_info##movie_info.info_type_id,>,1#14033580
movie_info##movie_info.info_type_id,>,2#12744652
movie_info##movie_info.info_type_id,>,2#12744652
cast_info###36244344
movie_companies##movie_companies.company_type_id,>,1#1334883
movie_keyword###4523930
movie_info###14835720
cast_info##cast_info.nr_order,<,35#10104270
movie_companies###2609129
title##title.series_years,>,0,title.episode_nr,<,5896,title.production_year,<,125,title.kind_id,>,1#77673
movie_companies###2609129
movie_companies##movie_companies.company_type_id,=,1#1274246
title##title.season_nr,=,0,title.kind_id,>,1,title.phonetic_code,>,0,title.production_year,<,125#382507
movie_keyword###4523930
cast_info##cast_info.nr_order,<,22#9260302
movie_info###14835720
movie_companies##movie_companies.company_type_id,>,1#1334883
movie_keyword##movie_keyword.keyword_id,<,8034#2780128
title##title.series_years,>,0#90875
movie_companies##movie_companies.company_type_id,<,2#1274246
cast_info##cast_info.role_id,<,10#31605208
cast_info##cast_info.nr_order,<,19#8855279
title##title.season_nr,=,1#590043
title##title.imdb_index,=,0,title.production_year,>,0#2430144
movie_keyword##movie_keyword.keyword_id,>,110#4407784
movie_companies###2609129
cast_info###36244344
movie_keyword##movie_keyword.keyword_id,<,58737#4256932
movie_info_idx###1380035
movie_info###14835720
movie_companies##movie_companies.company_type_id,<,2#1274246
movie_info##movie_info.info_type_id,<,16#9565151
movie_companies##movie_companies.company_type_id,>,1#1334883
cast_info##cast_info.nr_order,<,22#9260302
movie_info##movie_info.info_type_id,>,2#12744652
cast_info###36244344
title##title.episode_nr,>,0,title.kind_id,>,1#1102414
movie_companies###2609129
movie_companies##movie_companies.company_type_id,=,1#1274246
title##title.series_years,<,915#2452819
movie_info_idx###1380035
movie_companies###2609129
movie_keyword##movie_keyword.keyword_id,>,335#4087742
movie_companies##movie_companies.company_type_id,<,2#1274246
movie_info_idx###1380035
movie_info_idx##movie_info_idx.info_type_id,>,99#920110
cast_info##cast_info.role_id,<,9#30511650
movie_info_idx##movie_info_idx.info_type_id,>,99#920110
movie_companies##movie_companies.company_type_id,<,2#1274246
movie_companies##movie_companies.company_type_id,>,1#1334883
movie_info###14835720
movie_info##movie_info.info_type_id,>,1#14033580
title##title.phonetic_code,<,10840#1659713
movie_keyword##movie_keyword.keyword_id,>,117#4360169
movie_info###14835720
movie_info##movie_info.info_type_id,>,2#12744652
movie_companies##movie_companies.company_type_id,>,1#1334883
cast_info##cast_info.nr_order,>,0#10554725
cast_info##cast_info.role_id,=,1#12670688
movie_companies###2609129
title##title.series_years,<,1397,title.phonetic_code,<,14728#1981504
title##title.series_years,>,0#90875
cast_info###36244344
movie_keyword##movie_keyword.keyword_id,>,79#4431456
cast_info##cast_info.nr_order,<,39#10216639
movie_companies###2609129
cast_info###36244344
movie_companies###2609129
cast_info##cast_info.nr_order,<,100#10550727
movie_info_idx###1380035
title##title.season_nr,<,4#2258665
title##title.imdb_index,=,0,title.season_nr,<,5#2291583
movie_info###14835720
movie_companies###2609129
movie_info##movie_info.info_type_id,<,94#13867355
movie_info##movie_info.info_type_id,>,2#12744652
cast_info###36244344
title##title.series_years,>,0#90875
movie_info##movie_info.info_type_id,<,107#14637966
movie_companies##movie_companies.company_type_id,=,2#1334883
title##title.phonetic_code,<,16841#2163624
cast_info###36244344
movie_companies##movie_companies.company_type_id,<,2#1274246
title##title.kind_id,<,7#985048
movie_keyword##movie_keyword.keyword_id,>,137#4315625
movie_keyword##movie_keyword.keyword_id,>,117#4360169
movie_companies##movie_companies.company_type_id,<,2#1274246
title##title.imdb_index,=,0#2502042
movie_info_idx##movie_info_idx.info_type_id,<,101#919850
movie_keyword##movie_keyword.keyword_id,<,11267#3056976
movie_info_idx###1380035
cast_info###36244344
movie_companies###2609129
movie_info_idx###1380035
movie_info###14835720
movie_info_idx###1380035
cast_info##cast_info.nr_order,<,15#8075469
movie_info###14835720
movie_info###14835720
movie_info##movie_info.info_type_id,>,2#12744652
movie_companies##movie_companies.company_type_id,=,2#1334883
title##title.kind_id,>,1,title.phonetic_code,<,19511,title.season_nr,<,2#1299854
cast_info##cast_info.nr_order,<,66#10489698
movie_info###14835720
movie_info###14835720
movie_keyword##movie_keyword.keyword_id,>,910#3550164
movie_keyword##movie_keyword.keyword_id,<,78664#4406672
cast_info##cast_info.role_id,<,10#31605208
movie_companies##movie_companies.company_type_id,=,1#1274246
title##title.phonetic_code,>,0#1810013
movie_info_idx###1380035
cast_info###36244344
cast_info###36244344
cast_info###36244344
movie_companies###2609129
movie_info_idx###1380035
cast_info###36244344
title##title.episode_nr,<,7901,title.imdb_index,>,0#26270
cast_info##cast_info.nr_order,<,20#9003748
movie_companies##movie_companies.company_type_id,<,2#1274246
movie_info_idx##movie_info_idx.info_type_id,>,99#920110
movie_companies##movie_companies.company_type_id,<,2#1274246
movie_info_idx##movie_info_idx.info_type_id,=,101#459925
movie_info##movie_info.info_type_id,>,3#11210743
movie_keyword##movie_keyword.keyword_id,<,44591#4138739
movie_companies###2609129
movie_companies##movie_companies.company_type_id,<,2#1274246
cast_info##cast_info.role_id,<,10#31605208
movie_companies##movie_companies.company_type_id,=,2#1334883
cast_info##cast_info.role_id,>,1#23573656
movie_companies###2609129
movie_keyword###4523930
cast_info##cast_info.role_id,=,8#1703543
movie_companies###2609129
cast_info##cast_info.role_id,<,10#31605208
title##title.production_year,>,86#2046723
movie_keyword##movie_keyword.keyword_id,>,1#4509566
cast_info###36244344
movie_keyword##movie_keyword.keyword_id,<,72217#4355484
movie_info_idx##movie_info_idx.info_type_id,=,100#459925
cast_info###36244344
movie_keyword##movie_keyword.keyword_id,<,19735#3557418
movie_info##movie_info.info_type_id,<,98#13963496
title##title.phonetic_code,>,0#1810013
movie_keyword##movie_keyword.keyword_id,>,117#4360169
movie_keyword###4523930
cast_info##cast_info.role_id,>,1#23573656
movie_keyword###4523930
cast_info###36244344
title##title.production_year,>,112#1485030
movie_info##movie_info.info_type_id,<,94#13867355
movie_info_idx###1380035
movie_info_idx###1380035
title##title.season_nr,=,0#1424509
movie_companies##movie_companies.company_type_id,=,1#1274246
title##title.kind_id,=,7#1543264
movie_keyword##movie_keyword.keyword_id,>,117#4360169
movie_companies##movie_companies.company_type_id,=,1#1274246
movie_keyword##movie_keyword.keyword_id,<,58986#4258346
movie_info###14835720
movie_keyword##movie_keyword.keyword_id,>,47#4475978
movie_info_idx##movie_info_idx.info_type_id,>,99#920110
movie_keyword##movie_keyword.keyword_id,>,137#4315625
movie_companies##movie_companies.company_type_id,<,2#1274246
movie_info_idx##movie_info_idx.info_type_id,>,99#920110
movie_info##movie_info.info_type_id,>,3#11210743
title##title.imdb_index,>,0,title.series_years,>,0,title.season_nr,=,0,title.production_year,>,0#492
movie_info###14835720
movie_info###14835720
movie_companies###2609129
movie_companies###2609129
movie_companies##movie_companies.company_type_id,<,2#1274246
movie_info_idx###1380035
movie_info##movie_info.info_type_id,>,2#12744652
title##title.phonetic_code,>,0,title.series_years,>,0#90770
movie_info_idx##movie_info_idx.info_type_id,<,101#919850
movie_info###14835720
movie_info_idx##movie_info_idx.info_type_id,<,101#919850
movie_info##movie_info.info_type_id,<,16#9565151
cast_info###36244344
cast_info##cast_info.role_id,=,1#12670688
movie_info_idx##movie_info_idx.info_type_id,<,101#919850
cast_info###36244344
movie_info_idx###1380035
movie_info_idx###1380035
movie_info_idx##movie_info_idx.info_type_id,=,101#459925
movie_companies##movie_companies.company_type_id,=,1#1274246
cast_info##cast_info.nr_order,<,75#10516665
movie_info_idx###1380035
title##title.series_years,>,0,title.episode_nr,>,0,title.season_nr,>,0#88
movie_keyword###4523930
title##title.episode_nr,<,255,title.imdb_index,>,0#26270
movie_info###14835720
movie_info_idx##movie_info_idx.info_type_id,=,101#459925
movie_companies##movie_companies.company_type_id,>,1#1334883
cast_info###36244344
movie_keyword##movie_keyword.keyword_id,>,569#3834778
movie_info###14835720
movie_info_idx##movie_info_idx.info_type_id,<,101#919850
movie_companies##movie_companies.company_type_id,>,1#1334883
title##title.series_years,>,0,title.season_nr,=,1,title.production_year,>,72,title.kind_id,>,1#75
movie_companies###2609129
movie_companies##movie_companies.company_type_id,=,2#1334883
title##title.imdb_index,=,0#2502042
movie_keyword###4523930
movie_keyword###4523930
movie_info_idx###1380035
movie_info##movie_info.info_type_id,>,1#14033580
title##title.phonetic_code,>,0,title.kind_id,=,7#826418
movie_companies##movie_companies.company_type_id,=,2#1334883
movie_keyword###4523930
movie_info_idx##movie_info_idx.info_type_id,>,99#920110
movie_companies###2609129
movie_companies###2609129
cast_info###36244344
title##title.episode_nr,>,0,title.kind_id,>,1#1102414
movie_keyword##movie_keyword.keyword_id,>,889#3570111
movie_info##movie_info.info_type_id,>,1#14033580
movie_info_idx##movie_info_idx.info_type_id,>,99#920110
movie_keyword###4523930
movie_companies##movie_companies.company_type_id,>,1#1334883
movie_info_idx##movie_info_idx.info_type_id,=,101#459925
cast_info###36244344
movie_info###14835720
cast_info###36244344
title##title.season_nr,<,3#2170256
movie_info_idx##movie_info_idx.info_type_id,=,101#459925
cast_info###36244344
movie_info_idx##movie_info_idx.info_type_id,>,99#920110
movie_companies###2609129
movie_companies###2609129
cast_info###36244344
cast_info###36244344
movie_companies###2609129
movie_keyword##movie_keyword.keyword_id,<,87235#4442025
title##title.season_nr,>,0,title.imdb_index,=,0#1103803
movie_companies###2609129
movie_info###14835720
cast_info##cast_info.role_id,>,1#23573656
movie_keyword###4523930
movie_companies##movie_companies.company_type_id,>,1#1334883
movie_info##movie_info.info_type_id,>,2#12744652
movie_info_idx###1380035
cast_info###36244344
cast_info###36244344
movie_keyword###4523930
movie_info_idx##movie_info_idx.info_type_id,>,99#920110
title##title.production_year,>,89,title.season_nr,<,1#1091627
movie_info_idx##movie_info_idx.info_type_id,<,101#919850
movie_info##movie_info.info_type_id,>,2#12744652
movie_companies###2609129
movie_info###14835720
cast_info##cast_info.role_id,>,1#23573656
title##title.episode_nr,>,0,title.series_years,<,1237,title.production_year,>,102,title.imdb_index,=,0#818831
movie_keyword##movie_keyword.keyword_id,>,1053#3465001
title##title.series_years,<,1368#2498321
movie_keyword##movie_keyword.keyword_id,>,399#3957410
title##title.kind_id,<,7#985048
movie_keyword##movie_keyword.keyword_id,>,500#3869227
cast_info##cast_info.nr_order,>,1#9271547
movie_info###14835720
movie_info###14835720
cast_info###36244344
cast_info##cast_info.role_id,>,1#23573656
movie_info_idx###1380035
movie_companies##movie_companies.company_type_id,>,1#1334883
movie_info_idx###1380035
movie_keyword##movie_keyword.keyword_id,<,14537#3280360
movie_info_idx###1380035
title##title.series_years,>,0#90875
movie_info_idx###1380035
movie_info_idx##movie_info_idx.info_type_id,=,100#459925
title##title.phonetic_code,<,17234,title.kind_id,>,1#1687863
movie_companies###2609129
movie_info_idx###1380035
movie_keyword##movie_keyword.keyword_id,<,72155#4354636
cast_info##cast_info.nr_order,>,2#8350773
movie_info##movie_info.info_type_id,<,87#13822547
movie_info_idx##movie_info_idx.info_type_id,>,99#920110
cast_info###36244344
title##title.series_years,>,0,title.kind_id,>,1#90875
movie_companies###2609129
movie_companies##movie_companies.company_type_id,<,2#1274246
cast_info##cast_info.role_id,=,8#1703543
movie_companies##movie_companies.company_type_id,<,2#1274246
movie_info##movie_info.info_type_id,<,18#12970088
movie_companies##movie_companies.company_type_id,<,2#1274246
movie_keyword###4523930
movie_keyword##movie_keyword.keyword_id,>,103#4419636
movie_keyword##movie_keyword.keyword_id,>,3#4501684
movie_keyword###4523930
movie_companies###2609129
cast_info###36244344
movie_companies###2609129
movie_info##movie_info.info_type_id,<,42#13648562
movie_keyword##movie_keyword.keyword_id,>,826#3653303
movie_info_idx###1380035
title##title.phonetic_code,>,0,title.season_nr,<,10,title.episode_nr,<,15,title.imdb_index,=,0#1515603
movie_companies###2609129
movie_companies###2609129
cast_info###36244344
title##title.phonetic_code,>,0,title.season_nr,=,0,title.imdb_index,=,0#1071154
title##title.production_year,>,20#2439326
movie_info##movie_info.info_type_id,<,98#13963496
title##title.series_years,>,0#90875
movie_info##movie_info.info_type_id,<,103#14308956
cast_info##cast_info.role_id,>,1#23573656
title##title.series_years,>,0,title.episode_nr,<,51,title.season_nr,<,3,title.imdb_index,>,0#492
movie_info_idx##movie_info_idx.info_type_id,<,101#919850
movie_companies###2609129
movie_info_idx##movie_info_idx.info_type_id,<,101#919850
movie_keyword##movie_keyword.keyword_id,>,224#4268267
movie_info##movie_info.info_type_id,>,3#11210743
movie_companies###2609129
cast_info###36244344
movie_info##movie_info.info_type_id,>,2#12744652
movie_info_idx###1380035
movie_info###14835720
movie_keyword###4523930
title##title.phonetic_code,<,17529,title.production_year,<,124#1791140
movie_keyword##movie_keyword.keyword_id,>,323#4162908
movie_info###14835720
movie_info_idx###1380035
movie_keyword##movie_keyword.keyword_id,<,59148#4259873
movie_companies##movie_companies.company_type_id,>,1#1334883
title##title.season_nr,>,0,title.kind_id,>,1,title.phonetic_code,<,13660#855356
cast_info###36244344
movie_companies###2609129
cast_info###36244344
cast_info##cast_info.role_id,=,10#4323018
title##title.kind_id,<,7,title.phonetic_code,>,0#983595
movie_companies###2609129
movie_companies##movie_companies.company_type_id,<,2#1274246
movie_info_idx##movie_info_idx.info_type_id,=,101#459925
movie_keyword###4523930
movie_keyword##movie_keyword.keyword_id,>,117#4360169
cast_info##cast_info.nr_order,>,1#9271547
movie_keyword##movie_keyword.keyword_id,>,14#4499364
title##title.series_years,<,975,title.episode_nr,<,28#2145457
movie_info##movie_info.info_type_id,>,3#11210743
movie_info_idx###1380035
movie_info###14835720
movie_info##movie_info.info_type_id,>,1#14033580
movie_companies##movie_companies.company_type_id,>,1#1334883
movie_keyword##movie_keyword.keyword_id,>,117#4360169
movie_info###14835720
title##title.production_year,<,127,title.phonetic_code,>,0,title.series_years,>,0#88468
movie_companies##movie_companies.company_type_id,>,1#1334883
cast_info###36244344
movie_keyword###4523930
movie_keyword##movie_keyword.keyword_id,<,104405#4483506
movie_info##movie_info.info_type_id,<,18#12970088
cast_info##cast_info.role_id,<,11#35928226
movie_info###14835720
cast_info##cast_info.nr_order,>,1#9271547
movie_info_idx##movie_info_idx.info_type_id,>,99#920110
movie_info###14835720
movie_info_idx###1380035
movie_info_idx###1380035
cast_info###36244344
movie_info_idx##movie_info_idx.info_type_id,=,101#459925
movie_keyword###4523930
movie_companies###2609129
movie_info_idx##movie_info_idx.info_type_id,<,101#919850
movie_info_idx##movie_info_idx.info_type_id,>,99#920110
movie_info_idx###1380035
title##title.series_years,<,1325#2484271
movie_info_idx##movie_info_idx.info_type_id,=,101#459925
movie_info_idx##movie_info_idx.info_type_id,>,99#920110
movie_keyword##movie_keyword.keyword_id,>,249#4206711
movie_info###14835720
movie_keyword##movie_keyword.keyword_id,>,137#4315625
movie_companies##movie_companies.company_type_id,<,2#1274246
movie_keyword###4523930
movie_companies###2609129
movie_keyword##movie_keyword.keyword_id,<,104486#4483664
cast_info###36244344
movie_info###14835720
cast_info###36244344
cast_info###36244344
movie_companies##movie_companies.company_type_id,=,1#1274246
title##title.production_year,>,101,title.imdb_index,>,0#21973
cast_info###36244344
cast_info###36244344
movie_keyword##movie_keyword.keyword_id,<,59249#4263007
title##title.phonetic_code,<,18277,title.episode_nr,<,4621,title.kind_id,<,7,title.series_years,<,1275#841624
movie_info###14835720
title##title.episode_nr,>,0,title.kind_id,>,1,title.phonetic_code,<,16702,title.imdb_index,=,0#943658
title##title.episode_nr,>,0,title.kind_id,>,1#1102414
movie_info##movie_info.info_type_id,<,103#14308956
movie_companies###2609129
movie_info##movie_info.info_type_id,>,2#12744652
movie_info_idx###1380035
movie_keyword##movie_keyword.keyword_id,>,832#3643741
cast_info###36244344
title##title.episode_nr,<,4,title.season_nr,=,0,title.series_years,<,1146#1358530
movie_keyword##movie_keyword.keyword_id,>,230#4251484
cast_info##cast_info.nr_order,<,1001#10678734
movie_info_idx##movie_info_idx.info_type_id,>,99#920110
cast_info##cast_info.nr_order,>,1#9271547
movie_info###14835720
movie_info_idx##movie_info_idx.info_type_id,>,99#920110
title##title.series_years,>,0,title.production_year,<,126,title.episode_nr,>,0#81
movie_keyword##movie_keyword.keyword_id,>,353#4058790
title##title.series_years,>,0,title.phonetic_code,>,0#90770
movie_keyword###4523930
title##title.production_year,>,27,title.season_nr,>,0#1048335
movie_keyword##movie_keyword.keyword_id,>,47#4475978
movie_companies###2609129
title##title.phonetic_code,<,19835,title.production_year,>,86,title.imdb_index,>,0#21205
movie_info##movie_info.info_type_id,>,2#12744652
movie_info##movie_info.info_type_id,<,105#14407069
title##title.phonetic_code,<,22746,title.production_year,<,125#2131136
movie_info###14835720
title##title.production_year,>,64,title.episode_nr,<,19,title.season_nr,=,0,title.series_years,>,0#89989
movie_companies###2609129
cast_info###36244344
movie_companies###2609129
movie_keyword###4523930
cast_info###36244344
movie_info_idx##movie_info_idx.info_type_id,=,101#459925
title##title.kind_id,>,1,title.season_nr,>,0,title.episode_nr,<,35,title.phonetic_code,>,0#620033
movie_keyword###4523930
cast_info##cast_info.nr_order,>,1#9271547
movie_keyword###4523930
cast_info##cast_info.nr_order,<,120#10604167
movie_info_idx###1380035
title##title.series_years,<,1283#2476621
title##title.production_year,<,127,title.season_nr,<,19#2428935
title##title.season_nr,<,3,title.production_year,<,127#2112666
movie_info##movie_info.info_type_id,>,1#14033580
movie_info_idx###1380035
movie_companies###2609129
title##title.imdb_index,=,0,title.episode_nr,>,0#1102414
movie_info##movie_info.info_type_id,>,2#12744652
movie_info##movie_info.info_type_id,>,3#11210743
movie_keyword##movie_keyword.keyword_id,<,104510#4483754
cast_info###36244344
movie_companies##movie_companies.company_type_id,<,2#1274246
cast_info###36244344
title##title.episode_nr,<,49,title.series_years,>,0#90875
cast_info###36244344
movie_info##movie_info.info_type_id,<,105#14407069
title##title.season_nr,<,4#2258665
movie_info_idx###1380035
movie_info##movie_info.info_type_id,<,16#9565151
movie_info##movie_info.info_type_id,<,105#14407069
movie_info_idx###1380035
movie_info##movie_info.info_type_id,>,3#11210743
title##title.production_year,>,24,title.phonetic_code,<,18135,title.season_nr,=,1,title.kind_id,>,1#516127
cast_info##cast_info.nr_order,<,100#10550727
cast_info##cast_info.nr_order,<,25#9557452
movie_keyword##movie_keyword.keyword_id,<,60038#4270810
movie_companies###2609129
movie_info##movie_info.info_type_id,<,105#14407069
movie_info_idx##movie_info_idx.info_type_id,>,99#920110
title##title.episode_nr,<,70#2338791
movie_info###14835720
movie_info_idx##movie_info_idx.info_type_id,>,99#920110
movie_info###14835720
movie_info_idx##movie_info_idx.info_type_id,=,100#459925
movie_keyword###4523930
movie_companies###2609129
movie_keyword##movie_keyword.keyword_id,>,107#4414069
movie_info_idx##movie_info_idx.info_type_id,>,99#920110
movie_info##movie_info.info_type_id,<,18#12970088
movie_keyword##movie_keyword.keyword_id,<,35104#4008022
movie_keyword##movie_keyword.keyword_id,<,48199#4178393
movie_companies##movie_companies.company_type_id,<,2#1274246
movie_info##movie_info.info_type_id,>,2#12744652
movie_companies##movie_companies.company_type_id,<,2#1274246
movie_info_idx###1380035
movie_info##movie_info.info_type_id,>,1#14033580
title##title.season_nr,=,0#1424509
movie_info###14835720
movie_info##movie_info.info_type_id,>,1#14033580
title##title.series_years,<,1407,title.season_nr,<,2,title.episode_nr,<,6,title.imdb_index,>,0#26270
movie_info##movie_info.info_type_id,>,2#12744652
title##title.production_year,<,126,title.imdb_index,>,0,title.kind_id,>,1#1582
movie_info_idx###1380035
movie_keyword###4523930
movie_companies##movie_companies.company_type_id,<,2#1274246
title##title.kind_id,=,7,title.imdb_index,=,0#1543264
movie_info_idx##movie_info_idx.info_type_id,=,99#459925
movie_info###14835720
movie_companies###2609129
movie_info_idx###1380035
cast_info##cast_info.nr_order,>,2#8350773
movie_keyword##movie_keyword.keyword_id,>,87#4423331
movie_info_idx##movie_info_idx.info_type_id,<,101#919850
movie_companies###2609129
movie_info##movie_info.info_type_id,>,1#14033580
movie_info##movie_info.info_type_id,>,2#12744652
movie_keyword###4523930
movie_companies##movie_companies.company_type_id,=,2#1334883
movie_keyword###4523930
movie_info##movie_info.info_type_id,>,3#11210743
title##title.episode_nr,>,0#1102414
movie_keyword##movie_keyword.keyword_id,<,72562#4360298
movie_keyword##movie_keyword.keyword_id,<,77479#4400792
cast_info##cast_info.role_id,>,1#23573656
movie_info_idx##movie_info_idx.info_type_id,<,101#919850
movie_companies##movie_companies.company_type_id,=,1#1274246
cast_info###36244344
movie_keyword###4523930
cast_info###36244344
title##title.production_year,<,127,title.kind_id,=,1#640804
cast_info###36244344
title##title.imdb_index,=,0,title.season_nr,>,0,title.production_year,>,101#829225
movie_companies###2609129
movie_info##movie_info.info_type_id,<,98#13963496
movie_info_idx##movie_info_idx.info_type_id,<,101#919850
cast_info##cast_info.role_id,>,1#23573656
title##title.series_years,>,0,title.imdb_index,=,0,title.episode_nr,>,0#88
movie_info_idx###1380035
movie_info_idx##movie_info_idx.info_type_id,=,100#459925
movie_info##movie_info.info_type_id,>,2#12744652
movie_info###14835720
movie_companies###2609129
movie_companies##movie_companies.company_type_id,=,2#1334883
movie_companies###2609129
movie_companies##movie_companies.company_type_id,=,1#1274246
movie_keyword###4523930
movie_keyword##movie_keyword.keyword_id,>,117#4360169
movie_info##movie_info.info_type_id,>,2#12744652
movie_info_idx###1380035
movie_companies##movie_companies.company_type_id,>,1#1334883
movie_info_idx###1380035
movie_companies###2609129
cast_info###36244344
movie_info##movie_info.info_type_id,>,1#14033580
movie_companies##movie_companies.company_type_id,=,1#1274246
movie_keyword##movie_keyword.keyword_id,<,19540#3554130
cast_info###36244344
movie_keyword##movie_keyword.keyword_id,>,58#4455121
movie_companies###2609129
movie_keyword###4523930
title##title.season_nr,>,0#1103803
movie_companies###2609129
movie_companies##movie_companies.company_type_id,>,1#1334883
movie_keyword##movie_keyword.keyword_id,>,18#4497668
movie_info##movie_info.info_type_id,<,16#9565151
movie_companies###2609129
movie_companies##movie_companies.company_type_id,=,1#1274246
movie_info###14835720
movie_info##movie_info.info_type_id,<,16#9565151
movie_info_idx##movie_info_idx.info_type_id,<,101#919850
movie_info##movie_info.info_type_id,>,1#14033580
movie_info##movie_info.info_type_id,<,16#9565151
movie_info_idx###1380035
movie_companies##movie_companies.company_type_id,=,1#1274246
cast_info##cast_info.nr_order,<,33#10031013
cast_info##cast_info.nr_order,>,1#9271547
cast_info##cast_info.role_id,=,3#4008037
movie_keyword##movie_keyword.keyword_id,>,211#4278739
title##title.imdb_index,=,0#2502042
movie_companies##movie_companies.company_type_id,>,1#1334883
movie_companies##movie_companies.company_type_id,<,2#1274246
movie_keyword###4523930
title##title.episode_nr,<,41#2279877
movie_info###14835720
movie_info##movie_info.info_type_id,<,107#14637966
title##title.season_nr,>,0#1103803
movie_info_idx###1380035
cast_info##cast_info.role_id,=,9#1093558
movie_info##movie_info.info_type_id,>,1#14033580
movie_keyword##movie_keyword.keyword_id,>,348#4062203
movie_info###14835720
movie_info_idx##movie_info_idx.info_type_id,>,99#920110
movie_info_idx###1380035
movie_info##movie_info.info_type_id,>,1#14033580
movie_companies##movie_companies.company_type_id,<,2#1274246
movie_keyword##movie_keyword.keyword_id,>,86#4424386
movie_companies##movie_companies.company_type_id,>,1#1334883
movie_keyword##movie_keyword.keyword_id,<,109549#4492407
title##title.episode_nr,<,21,title.imdb_index,>,0,title.kind_id,>,1,title.series_years,>,0#492
movie_info_idx###1380035
cast_info###36244344
cast_info###36244344
movie_companies###2609129
cast_info##cast_info.role_id,>,1#23573656
movie_info_idx##movie_info_idx.info_type_id,<,101#919850
movie_info_idx###1380035
movie_info_idx##movie_info_idx.info_type_id,<,101#919850
cast_info###36244344
cast_info###36244344
movie_companies###2609129
movie_keyword###4523930
cast_info###36244344
title##title.production_year,>,0,title.imdb_index,>,0#26074
movie_companies##movie_companies.company_type_id,=,1#1274246
movie_keyword##movie_keyword.keyword_id,<,29032#3883666
movie_info###14835720
cast_info##cast_info.nr_order,>,1#9271547
movie_keyword###4523930
movie_info###14835720
title##title.season_nr,<,30#2516290
movie_info_idx##movie_info_idx.info_type_id,=,101#459925
title##title.imdb_index,=,0,title.series_years,>,0#90383
movie_keyword##movie_keyword.keyword_id,>,117#4360169
cast_info##cast_info.nr_order,<,30#9892595
cast_info###36244344
movie_keyword##movie_keyword.keyword_id,>,115#4402019
title##title.season_nr,>,0,title.series_years,>,0,title.phonetic_code,>,0,title.episode_nr,>,0#88
cast_info###36244344
title##title.imdb_index,<,2,title.episode_nr,<,8#1817188
movie_companies##movie_companies.company_type_id,>,1#1334883
movie_info_idx##movie_info_idx.info_type_id,=,101#459925
cast_info###36244344
movie_info###14835720
movie_companies###2609129
title##title.phonetic_code,>,0,title.season_nr,<,2,title.series_years,>,0#90766
movie_info_idx##movie_info_idx.info_type_id,=,100#459925
cast_info###36244344
cast_info##cast_info.nr_order,>,3#7560684
title##title.series_years,>,0,title.production_year,>,26,title.kind_id,=,7#89
title##title.season_nr,<,2,title.episode_nr,<,10731,title.series_years,>,0#90871
movie_keyword##movie_keyword.keyword_id,<,16995#3480684
title##title.kind_id,<,7,title.phonetic_code,<,18103#871469
title##title.imdb_index,=,0,title.kind_id,>,1#1863765
movie_info##movie_info.info_type_id,<,84#13802929
movie_companies##movie_companies.company_type_id,>,1#1334883
movie_companies##movie_companies.company_type_id,<,2#1274246
title##title.episode_nr,<,10605#2521862
movie_info###14835720
cast_info##cast_info.role_id,>,1#23573656
movie_info_idx###1380035
movie_keyword##movie_keyword.keyword_id,>,872#3589820
movie_info###14835720
title##title.episode_nr,>,0,title.season_nr,<,28#1087398
cast_info###36244344
movie_companies###2609129
movie_info###14835720
movie_companies###2609129
movie_companies##movie_companies.company_type_id,=,1#1274246
movie_info##movie_info.info_type_id,<,18#12970088
movie_info###14835720
movie_info_idx##movie_info_idx.info_type_id,<,101#919850
movie_companies###2609129
title##title.production_year,<,126,title.series_years,>,0#83024
movie_info_idx##movie_info_idx.info_type_id,>,99#920110
movie_info##movie_info.info_type_id,>,1#14033580
title##title.series_years,>,0#90875
movie_companies##movie_companies.company_type_id,>,1#1334883
movie_info###14835720
movie_info_idx##movie_info_idx.info_type_id,>,99#920110
movie_info_idx##movie_info_idx.info_type_id,=,100#459925
cast_info##cast_info.nr_order,>,1#9271547
movie_info###14835720
cast_info##cast_info.role_id,=,8#1703543
movie_keyword##movie_keyword.keyword_id,<,47458#4173183
movie_companies###2609129
movie_companies##movie_companies.company_type_id,>,1#1334883
movie_info_idx###1380035
movie_info_idx##movie_info_idx.info_type_id,>,99#920110
movie_info_idx##movie_info_idx.info_type_id,>,99#920110
movie_companies###2609129
movie_info_idx##movie_info_idx.info_type_id,>,99#920110
movie_keyword###4523930
cast_info##cast_info.role_id,<,10#31605208
movie_info_idx###1380035
movie_keyword##movie_keyword.keyword_id,<,78919#4408147
movie_info_idx###1380035
title##title.kind_id,<,7,title.production_year,<,126#904058
cast_info##cast_info.nr_order,>,1#9271547
title##title.production_year,<,125,title.kind_id,>,1,title.series_years,>,0#77673
cast_info###36244344
title##title.phonetic_code,>,0,title.episode_nr,<,108#1778657
movie_info##movie_info.info_type_id,<,16#9565151
cast_info##cast_info.role_id,=,3#4008037
title##title.episode_nr,<,6#1735412
cast_info##cast_info.role_id,=,1#12670688
movie_companies###2609129
cast_info###36244344
title##title.season_nr,<,2,title.episode_nr,<,38,title.imdb_index,=,0,title.phonetic_code,>,0#1372222
cast_info##cast_info.role_id,>,1#23573656
movie_companies###2609129
movie_info##movie_info.info_type_id,<,18#12970088
movie_companies###2609129
movie_companies##movie_companies.company_type_id,=,1#1274246
movie_info##movie_info.info_type_id,<,18#12970088
movie_companies###2609129
movie_info_idx##movie_info_idx.info_type_id,=,99#459925
cast_info###36244344
cast_info##cast_info.nr_order,<,25#9557452
movie_companies##movie_companies.company_type_id,>,1#1334883
cast_info###36244344
movie_companies###2609129
title##title.kind_id,<,7#985048
movie_info###14835720
movie_info##movie_info.info_type_id,<,107#14637966
movie_keyword##movie_keyword.keyword_id,<,29033#3888027
movie_keyword###4523930
title##title.production_year,>,0,title.season_nr,<,4,title.episode_nr,<,170#2104311
cast_info###36244344
movie_keyword##movie_keyword.keyword_id,>,381#4003052
movie_info##movie_info.info_type_id,<,18#12970088
cast_info##cast_info.nr_order,<,14#7826270
title##title.production_year,<,126,title.phonetic_code,>,0#1647001
cast_info##cast_info.role_id,=,10#4323018
cast_info###36244344
movie_info###14835720
movie_info_idx###1380035
movie_companies##movie_companies.company_type_id,>,1#1334883
cast_info###36244344
title##title.season_nr,<,10,title.phonetic_code,<,22457,title.imdb_index,=,0#2404235
cast_info###36244344
movie_info###14835720
movie_info_idx##movie_info_idx.info_type_id,=,99#459925
cast_info##cast_info.role_id,<,10#31605208
cast_info###36244344
title##title.phonetic_code,>,0#1810013
movie_info_idx###1380035
cast_info###36244344
movie_info_idx##movie_info_idx.info_type_id,<,101#919850
movie_info_idx###1380035
title##title.season_nr,=,0#1424509
title##title.production_year,<,126#2296663
movie_companies###2609129
movie_keyword###4523930
movie_companies###2609129
title##title.episode_nr,>,0,title.season_nr,<,38,title.production_year,>,97#857094
movie_info_idx##movie_info_idx.info_type_id,=,99#459925
movie_info##movie_info.info_type_id,>,3#11210743
cast_info##cast_info.role_id,<,10#31605208
movie_info_idx##movie_info_idx.info_type_id,<,101#919850
movie_keyword###4523930
cast_info###36244344
movie_info_idx##movie_info_idx.info_type_id,<,101#919850
movie_companies###2609129
movie_keyword###4523930
movie_info##movie_info.info_type_id,>,3#11210743
movie_info_idx###1380035
movie_keyword##movie_keyword.keyword_id,<,36621#4031870
title##title.season_nr,>,0,title.production_year,>,0,title.imdb_index,<,4#1048336
title##title.production_year,>,0,title.imdb_index,>,0#26074
title##title.production_year,<,127,title.imdb_index,=,0,title.episode_nr,<,2575,title.phonetic_code,>,0#1734757
title##title.episode_nr,<,8#1832333
cast_info###36244344
title##title.episode_nr,<,8#1832333
movie_keyword###4523930
title##title.episode_nr,<,26,title.kind_id,=,4,title.season_nr,=,0#118234
movie_keyword##movie_keyword.keyword_id,>,22#4496897
movie_info_idx###1380035
movie_info##movie_info.info_type_id,<,18#12970088
movie_keyword##movie_keyword.keyword_id,<,36080#4023917
movie_keyword##movie_keyword.keyword_id,>,228#4262997
cast_info##cast_info.role_id,>,1#23573656
movie_keyword###4523930
movie_info_idx###1380035
cast_info##cast_info.role_id,<,10#31605208
cast_info###36244344
movie_info_idx##movie_info_idx.info_type_id,=,101#459925
movie_companies###2609129
movie_companies##movie_companies.company_type_id,=,2#1334883
title##title.episode_nr,<,51,title.phonetic_code,<,20907,title.season_nr,=,1#427654
movie_keyword##movie_keyword.keyword_id,>,1#4509566
movie_companies##movie_companies.company_type_id,<,2#1274246
movie_info_idx##movie_info_idx.info_type_id,>,99#920110
movie_companies##movie_companies.company_type_id,<,2#1274246
movie_info##movie_info.info_type_id,<,106#14528932
movie_info_idx##movie_info_idx.info_type_id,<,101#919850
movie_info###14835720
movie_info###14835720
movie_info###14835720
movie_info##movie_info.info_type_id,>,3#11210743
movie_info###14835720
movie_keyword###4523930
cast_info##cast_info.nr_order,>,1#9271547
cast_info###36244344
title##title.production_year,<,126#2296663
movie_companies###2609129
movie_companies##movie_companies.company_type_id,=,1#1274246
movie_keyword##movie_keyword.keyword_id,<,16264#3377245
movie_info###14835720
movie_companies##movie_companies.company_type_id,=,2#1334883
title##title.kind_id,<,7#985048
movie_info_idx##movie_info_idx.info_type_id,<,101#919850
movie_keyword###4523930
movie_info_idx##movie_info_idx.info_type_id,<,101#919850
cast_info##cast_info.role_id,>,1#23573656
movie_keyword##movie_keyword.keyword_id,>,720#3758910
title##title.phonetic_code,>,1613,title.imdb_index,=,0,title.series_years,<,1082,title.season_nr,<,1#896418
movie_companies##movie_companies.company_type_id,<,2#1274246
movie_companies###2609129
cast_info##cast_info.role_id,=,1#12670688
title##title.phonetic_code,>,0,title.series_years,<,1400#1802129
movie_info_idx##movie_info_idx.info_type_id,>,99#920110
movie_info_idx###1380035
movie_companies###2609129
cast_info###36244344
movie_info_idx###1380035
movie_info_idx###1380035
title##title.production_year,>,75#2192624
movie_info##movie_info.info_type_id,<,108#14785453
movie_info_idx##movie_info_idx.info_type_id,<,101#919850
movie_keyword###4523930
movie_companies###2609129
cast_info##cast_info.role_id,=,3#4008037
movie_companies##movie_companies.company_type_id,<,2#1274246
cast_info##cast_info.nr_order,>,1#9271547
movie_keyword###4523930
title##title.production_year,<,126#2296663
movie_info##movie_info.info_type_id,<,105#14407069
movie_info_idx###1380035
cast_info###36244344
movie_info_idx###1380035
movie_info_idx##movie_info_idx.info_type_id,=,101#459925
movie_companies###2609129
movie_keyword###4523930
movie_keyword###4523930
title##title.imdb_index,>,0,title.episode_nr,<,11,title.production_year,>,58,title.season_nr,<,4#22899
movie_companies##movie_companies.company_type_id,<,2#1274246
movie_info###14835720
title##title.production_year,<,125#2136646
movie_companies###2609129
movie_info_idx###1380035
movie_info##movie_info.info_type_id,<,17#12601870
movie_keyword###4523930
movie_info_idx###1380035
movie_keyword###4523930
title##title.season_nr,<,12,title.production_year,<,124#1944705
movie_keyword##movie_keyword.keyword_id,>,2862#2762187
movie_companies###2609129
title##title.imdb_index,>,0#26270
movie_info_idx###1380035
title##title.imdb_index,=,0,title.episode_nr,<,43,title.season_nr,<,24#2245452
movie_companies###2609129
movie_keyword###4523930
cast_info###36244344
cast_info###36244344
cast_info##cast_info.role_id,<,8#28808107
cast_info##cast_info.role_id,>,1#23573656
cast_info###36244344
movie_info###14835720
movie_companies###2609129
title##title.production_year,>,0,title.season_nr,>,0,title.imdb_index,=,0#1048336
movie_companies###2609129
movie_companies###2609129
cast_info###36244344
movie_info_idx##movie_info_idx.info_type_id,=,100#459925
movie_info###14835720
movie_companies##movie_companies.company_type_id,=,2#1334883
movie_companies###2609129
movie_info###14835720
movie_info_idx##movie_info_idx.info_type_id,<,101#919850
movie_companies###2609129
movie_info_idx###1380035
title##title.series_years,>,0,title.phonetic_code,<,21022#88824
movie_info_idx##movie_info_idx.info_type_id,<,100#459925
title##title.kind_id,>,1,title.season_nr,=,0,title.production_year,>,104,title.phonetic_code,<,21028#609315
cast_info###36244344
movie_info_idx##movie_info_idx.info_type_id,<,101#919850
movie_companies##movie_companies.company_type_id,=,1#1274246
movie_info_idx##movie_info_idx.info_type_id,=,101#459925
title##title.kind_id,>,1#1865487
cast_info##cast_info.role_id,>,1#23573656
movie_info_idx###1380035
movie_info###14835720
movie_keyword###4523930
movie_keyword###4523930
movie_info###14835720
title##title.phonetic_code,>,0,title.production_year,>,73#1538220
movie_info_idx###1380035
movie_info###14835720
title##title.series_years,>,0#90875
movie_keyword###4523930
cast_info##cast_info.role_id,=,2#7451973
movie_info###14835720
movie_companies##movie_companies.company_type_id,>,1#1334883
title##title.episode_nr,<,18,title.season_nr,<,5#1981238
movie_info##movie_info.info_type_id,<,17#12601870
movie_keyword##movie_keyword.keyword_id,<,70013#4330361
movie_info###14835720
cast_info###36244344
title##title.kind_id,<,7#985048
title##title.production_year,<,126,title.episode_nr,>,0,title.imdb_index,=,0#997275
movie_keyword##movie_keyword.keyword_id,>,1574#3284663
movie_info_idx##movie_info_idx.info_type_id,>,99#920110
title##title.imdb_index,=,0#2502042
movie_companies##movie_companies.company_type_id,>,1#1334883
movie_keyword###4523930
movie_info##movie_info.info_type_id,<,98#13963496
movie_keyword###4523930
movie_info_idx##movie_info_idx.info_type_id,<,101#919850
cast_info##cast_info.nr_order,<,1001#10678734
cast_info###36244344
title##title.episode_nr,<,33,title.season_nr,>,0,title.phonetic_code,<,17604#736435
movie_keyword##movie_keyword.keyword_id,<,54817#4230123
movie_keyword##movie_keyword.keyword_id,<,63817#4296556
movie_keyword###4523930
cast_info##cast_info.role_id,>,1#23573656
movie_info###14835720
movie_info_idx###1380035
title##title.episode_nr,>,0#1102414
movie_info_idx##movie_info_idx.info_type_id,<,101#919850
movie_keyword###4523930
movie_info_idx###1380035
title##title.production_year,>,31,title.imdb_index,=,0,title.kind_id,=,4#117174
movie_info##movie_info.info_type_id,>,1#14033580
movie_keyword##movie_keyword.keyword_id,<,44916#4143776
movie_info##movie_info.info_type_id,>,3#11210743
movie_companies###2609129
cast_info##cast_info.nr_order,<,1001#10678734
movie_companies##movie_companies.company_type_id,>,1#1334883
cast_info##cast_info.role_id,=,5#898389
cast_info###36244344
cast_info##cast_info.nr_order,<,33#10031013
movie_info_idx##movie_info_idx.info_type_id,>,99#920110
movie_info###14835720
movie_keyword##movie_keyword.keyword_id,>,88#4423259
title##title.season_nr,>,0,title.kind_id,>,1#1103803
movie_companies##movie_companies.company_type_id,=,1#1274246
movie_info_idx##movie_info_idx.info_type_id,=,101#459925
title##title.production_year,>,103,title.season_nr,>,0,title.phonetic_code,>,0#515251
movie_companies##movie_companies.company_type_id,<,2#1274246
cast_info###36244344
movie_info_idx##movie_info_idx.info_type_id,=,101#459925
movie_companies##movie_companies.company_type_id,=,2#1334883
movie_info_idx###1380035
movie_info_idx##movie_info_idx.info_type_id,>,99#920110
movie_info_idx##movie_info_idx.info_type_id,>,99#920110
cast_info##cast_info.role_id,<,10#31605208
title##title.phonetic_code,<,20802#2477676
cast_info###36244344
movie_info##movie_info.info_type_id,>,2#12744652
movie_keyword###4523930
movie_companies###2609129
movie_info_idx###1380035
movie_info_idx###1380035
movie_companies##movie_companies.company_type_id,=,1#1274246
movie_companies###2609129
movie_companies##movie_companies.company_type_id,>,1#1334883
movie_companies###2609129
cast_info###36244344
title##title.phonetic_code,>,0,title.season_nr,<,5#1673038
movie_companies###2609129
movie_companies##movie_companies.company_type_id,>,1#1334883
movie_info_idx###1380035
title##title.kind_id,<,7,title.phonetic_code,>,0#983595
title##title.production_year,>,0,title.kind_id,=,1,title.season_nr,<,7#656311
movie_keyword###4523930
movie_info_idx###1380035
title##title.phonetic_code,>,0,title.imdb_index,>,0#26196
movie_info_idx##movie_info_idx.info_type_id,=,101#459925
movie_info_idx###1380035
title##title.production_year,>,0#2456218
movie_info###14835720
movie_info_idx##movie_info_idx.info_type_id,=,99#459925
movie_companies##movie_companies.company_type_id,>,1#1334883
title##title.season_nr,>,0#1103803
movie_companies###2609129
movie_keyword##movie_keyword.keyword_id,<,87302#4442168
movie_companies##movie_companies.company_type_id,>,1#1334883
cast_info###36244344
movie_info_idx##movie_info_idx.info_type_id,=,101#459925
movie_info_idx##movie_info_idx.info_type_id,>,99#920110
movie_info_idx###1380035
movie_keyword###4523930
movie_info###14835720
movie_info_idx##movie_info_idx.info_type_id,>,99#920110
movie_companies###2609129
title##title.imdb_index,=,0,title.kind_id,=,7#1543264
movie_keyword##movie_keyword.keyword_id,>,117#4360169
movie_companies##movie_companies.company_type_id,<,2#1274246
movie_companies##movie_companies.company_type_id,=,2#1334883
movie_info##movie_info.info_type_id,>,2#12744652
movie_companies###2609129
cast_info###36244344
movie_info_idx###1380035
movie_companies##movie_companies.company_type_id,>,1#1334883
cast_info##cast_info.nr_order,<,19#8855279
movie_info###14835720
movie_info_idx##movie_info_idx.info_type_id,>,99#920110
cast_info##cast_info.nr_order,>,1#9271547
movie_companies##movie_companies.company_type_id,>,1#1334883
movie_keyword###4523930
movie_companies###2609129
movie_info###14835720
title##title.kind_id,=,7,title.production_year,>,24,title.series_years,>,0#89
movie_keyword##movie_keyword.keyword_id,<,20329#3602141
cast_info###36244344
movie_companies##movie_companies.company_type_id,>,1#1334883
movie_companies##movie_companies.company_type_id,>,1#1334883
title##title.episode_nr,<,8706#2515600
movie_info###14835720
title##title.kind_id,=,7#1543264
movie_companies##movie_companies.company_type_id,<,2#1274246
movie_companies##movie_companies.company_type_id,>,1#1334883
title##title.kind_id,<,7#985048
movie_keyword##movie_keyword.keyword_id,>,236#4230445
cast_info##cast_info.nr_order,<,1001#10678734
title##title.production_year,>,0,title.kind_id,>,1#1799907
title##title.series_years,<,1259,title.phonetic_code,>,0,title.production_year,<,119#1038159
title##title.series_years,<,1357,title.kind_id,>,1#1828242
movie_info##movie_info.info_type_id,<,18#12970088
movie_info##movie_info.info_type_id,<,94#13867355
movie_keyword##movie_keyword.keyword_id,<,132080#4521762
movie_info##movie_info.info_type_id,>,1#14033580
title##title.phonetic_code,<,23163,title.episode_nr,>,0#1102094
title##title.season_nr,>,0#1103803
cast_info###36244344
movie_keyword##movie_keyword.keyword_id,<,92155#4456399
movie_info###14835720
movie_companies###2609129
movie_companies###2609129
title##title.season_nr,=,0#1424509
movie_companies##movie_companies.company_type_id,<,2#1274246
title##title.kind_id,>,1,title.season_nr,=,3,title.production_year,<,126,title.imdb_index,=,0#80468
movie_info_idx###1380035
movie_info_idx##movie_info_idx.info_type_id,<,101#919850
movie_info_idx###1380035
title##title.episode_nr,>,0,title.phonetic_code,<,17071,title.imdb_index,=,0,title.kind_id,>,2#977881
title##title.production_year,<,121,title.kind_id,<,7#682960
movie_info_idx##movie_info_idx.info_type_id,>,99#920110
movie_keyword##movie_keyword.keyword_id,>,137#4315625
cast_info###36244344
movie_companies##movie_companies.company_type_id,=,1#1274246
movie_keyword###4523930
title##title.kind_id,>,1#1865487
cast_info##cast_info.role_id,>,1#23573656
movie_info_idx##movie_info_idx.info_type_id,<,101#919850
title##title.phonetic_code,>,0,title.episode_nr,>,0,title.production_year,<,126#638771
movie_companies###2609129
title##title.phonetic_code,<,20273,title.season_nr,=,3#85205
movie_keyword##movie_keyword.keyword_id,<,24383#3756016
cast_info##cast_info.role_id,=,1#12670688
movie_info_idx##movie_info_idx.info_type_id,<,101#919850
movie_info##movie_info.info_type_id,>,2#12744652
movie_keyword##movie_keyword.keyword_id,>,353#4058790
movie_info##movie_info.info_type_id,>,1#14033580
title##title.phonetic_code,>,0#1810013
movie_info_idx##movie_info_idx.info_type_id,=,99#459925
movie_companies###2609129
movie_companies##movie_companies.company_type_id,<,2#1274246
movie_info##movie_info.info_type_id,<,98#13963496
movie_keyword###4523930
movie_info##movie_info.info_type_id,>,1#14033580
movie_info_idx###1380035
title##title.series_years,>,0,title.episode_nr,<,226#90875
movie_companies###2609129
movie_info_idx###1380035
movie_companies###2609129
movie_info###14835720
movie_companies##movie_companies.company_type_id,=,2#1334883
movie_info_idx###1380035
movie_info###14835720
movie_info_idx##movie_info_idx.info_type_id,<,101#919850
movie_companies##movie_companies.company_type_id,>,1#1334883
movie_keyword##movie_keyword.keyword_id,>,56#4456385
movie_keyword##movie_keyword.keyword_id,>,870#3593291
title##title.imdb_index,>,0,title.series_years,<,1336,title.production_year,>,43#22955
title##title.season_nr,=,0#1424509
cast_info##cast_info.nr_order,>,0#10554725
movie_companies##movie_companies.company_type_id,>,1#1334883
movie_info_idx###1380035
movie_info###14835720
title##title.phonetic_code,<,17724,title.production_year,<,124#1807918
title##title.phonetic_code,<,17451,title.series_years,>,0,title.episode_nr,<,4#77330
movie_companies###2609129
cast_info##cast_info.nr_order,<,271#10624704
title##title.imdb_index,>,0,title.series_years,>,0#492
cast_info##cast_info.role_id,=,1#12670688
movie_keyword##movie_keyword.keyword_id,<,13636#3228395
cast_info##cast_info.nr_order,<,64#10481915
movie_companies###2609129
movie_info###14835720
movie_info###14835720
movie_companies###2609129
title##title.series_years,>,0#90875
movie_companies###2609129
movie_companies##movie_companies.company_type_id,<,2#1274246
cast_info##cast_info.nr_order,<,46#10339002
movie_info_idx###1380035
cast_info###36244344
movie_info_idx##movie_info_idx.info_type_id,=,101#459925
title##title.phonetic_code,<,19721,title.season_nr,=,0#1356832
cast_info###36244344
title##title.kind_id,>,1#1865487
title##title.imdb_index,=,0,title.production_year,<,124,title.episode_nr,>,0#851772
cast_info###36244344
title##title.imdb_index,=,0,title.series_years,>,0,title.phonetic_code,<,13316#57637
cast_info##cast_info.nr_order,<,30#9892595
movie_info_idx##movie_info_idx.info_type_id,=,101#459925
movie_info###14835720
movie_info##movie_info.info_type_id,>,2#12744652
title##title.phonetic_code,<,16714,title.season_nr,=,0#1180079
movie_info###14835720
movie_info_idx###1380035
title##title.imdb_index,>,0,title.series_years,>,0#492
movie_companies##movie_companies.company_type_id,>,1#1334883
movie_info_idx###1380035
movie_keyword###4523930
title##title.kind_id,=,1#662825
cast_info###36244344
movie_companies###2609129
movie_keyword##movie_keyword.keyword_id,>,52#4469443
movie_keyword##movie_keyword.keyword_id,<,29033#3888027
movie_info_idx###1380035
cast_info##cast_info.role_id,=,2#7451973
cast_info###36244344
movie_companies##movie_companies.company_type_id,<,2#1274246
movie_info###14835720
movie_info_idx###1380035
title##title.phonetic_code,<,18959,title.episode_nr,<,154,title.season_nr,<,5#2082020
cast_info###36244344
title##title.episode_nr,>,0,title.imdb_index,=,0#1102414
movie_info##movie_info.info_type_id,<,16#9565151
cast_info##cast_info.role_id,>,1#23573656
movie_info##movie_info.info_type_id,<,102#14292353
movie_info_idx###1380035
title##title.series_years,<,1357,title.imdb_index,=,0,title.kind_id,=,1,title.phonetic_code,<,22278#632414
movie_info_idx###1380035
movie_info_idx###1380035
movie_info##movie_info.info_type_id,<,18#12970088
cast_info###36244344
title##title.phonetic_code,>,0,title.episode_nr,<,6803,title.kind_id,<,7,title.imdb_index,>,0#26196
movie_info###14835720
cast_info##cast_info.role_id,>,1#23573656
movie_info_idx##movie_info_idx.info_type_id,>,99#920110
cast_info###36244344
movie_info###14835720
movie_companies###2609129
movie_companies###2609129
movie_info##movie_info.info_type_id,>,1#14033580
title##title.episode_nr,<,137,title.phonetic_code,>,0,title.season_nr,=,0#1097350
movie_info_idx##movie_info_idx.info_type_id,=,99#459925
movie_info_idx###1380035
movie_keyword##movie_keyword.keyword_id,>,4311#2342147
movie_keyword###4523930
movie_info_idx##movie_info_idx.info_type_id,=,100#459925
cast_info##cast_info.nr_order,>,1#9271547
movie_keyword##movie_keyword.keyword_id,>,113#4406604
title##title.imdb_index,=,0,title.production_year,>,0#2430144
movie_info###14835720
title##title.phonetic_code,<,18115#2326559
movie_info_idx##movie_info_idx.info_type_id,>,99#920110
movie_info###14835720
movie_keyword###4523930
cast_info###36244344
cast_info##cast_info.role_id,<,10#31605208
movie_info_idx##movie_info_idx.info_type_id,=,99#459925
movie_keyword###4523930
cast_info###36244344
title##title.season_nr,<,7,title.phonetic_code,<,17736,title.episode_nr,<,130#2051103
movie_keyword###4523930
movie_keyword##movie_keyword.keyword_id,>,141#4308082
movie_companies###2609129
movie_companies###2609129
movie_info_idx##movie_info_idx.info_type_id,>,99#920110
movie_info###14835720
title##title.episode_nr,<,6067,title.production_year,<,125#2121552
cast_info###36244344
cast_info###36244344
movie_companies###2609129
movie_keyword###4523930
movie_companies##movie_companies.company_type_id,>,1#1334883
movie_info##movie_info.info_type_id,<,18#12970088
title##title.episode_nr,<,34,title.kind_id,<,7#985048
movie_keyword##movie_keyword.keyword_id,>,108#4412394
movie_info_idx###1380035
movie_info###14835720
movie_info_idx###1380035
movie_keyword###4523930
movie_companies##movie_companies.company_type_id,=,1#1274246
movie_companies###2609129
movie_companies###2609129
movie_info_idx##movie_info_idx.info_type_id,=,100#459925
movie_keyword##movie_keyword.keyword_id,<,65024#4305269
movie_info##movie_info.info_type_id,<,106#14528932
movie_companies##movie_companies.company_type_id,>,1#1334883
movie_keyword##movie_keyword.keyword_id,>,121#4346368
movie_info_idx##movie_info_idx.info_type_id,=,101#459925
movie_companies###2609129
movie_keyword###4523930
movie_companies###2609129
movie_keyword##movie_keyword.keyword_id,<,30583#3921701
cast_info##cast_info.nr_order,<,101#10577271
movie_info###14835720
movie_info_idx###1380035
movie_companies###2609129
movie_companies###2609129
movie_keyword###4523930
title##title.episode_nr,>,0,title.kind_id,>,1,title.phonetic_code,>,0,title.series_years,>,0#88
movie_companies###2609129
movie_companies##movie_companies.company_type_id,>,1#1334883
cast_info###36244344
movie_keyword###4523930
movie_keyword###4523930
movie_companies###2609129
movie_info_idx##movie_info_idx.info_type_id,>,99#920110
movie_keyword##movie_keyword.keyword_id,<,50979#4203340
movie_companies##movie_companies.company_type_id,<,2#1274246
cast_info###36244344
movie_info_idx##movie_info_idx.info_type_id,=,100#459925
movie_keyword##movie_keyword.keyword_id,<,125377#4514258
cast_info###36244344
movie_companies###2609129
movie_info##movie_info.info_type_id,<,106#14528932
title##title.imdb_index,=,0,title.season_nr,>,0,title.kind_id,=,7#1103803
movie_keyword###4523930
movie_info##movie_info.info_type_id,>,2#12744652
movie_keyword##movie_keyword.keyword_id,>,132#4342256
movie_keyword###4523930
movie_companies##movie_companies.company_type_id,>,1#1334883
title##title.kind_id,<,7,title.imdb_index,=,0,title.production_year,>,0,title.phonetic_code,>,0#950343
movie_info###14835720
movie_info###14835720
movie_info_idx##movie_info_idx.info_type_id,=,99#459925
title##title.series_years,>,0,title.production_year,<,126,title.kind_id,>,1,title.episode_nr,<,81#83024
movie_info###14835720
movie_info###14835720
movie_info##movie_info.info_type_id,>,2#12744652
movie_keyword###4523930
title##title.production_year,>,0,title.episode_nr,<,703#2397886
movie_info_idx###1380035
movie_companies##movie_companies.company_type_id,<,2#1274246
cast_info##cast_info.role_id,=,1#12670688
cast_info###36244344
cast_info###36244344
movie_keyword###4523930
movie_companies###2609129
movie_info_idx##movie_info_idx.info_type_id,>,99#920110
movie_keyword##movie_keyword.keyword_id,>,21#4497300
title##title.phonetic_code,>,0,title.kind_id,>,1,title.imdb_index,=,0#1146677
title##title.series_years,>,0,title.episode_nr,<,49,title.production_year,>,61#90585
title##title.season_nr,>,0#1103803
movie_companies###2609129
title##title.episode_nr,<,312#2452145
movie_keyword##movie_keyword.keyword_id,<,37588#4049121
movie_info_idx###1380035
title##title.kind_id,>,1,title.production_year,<,125,title.season_nr,<,41,title.episode_nr,<,257#1499393
movie_info_idx##movie_info_idx.info_type_id,=,100#459925
title##title.episode_nr,>,0#1102414
movie_keyword###4523930
title##title.episode_nr,>,0,title.phonetic_code,<,16937,title.production_year,<,125,title.kind_id,>,1#808413
movie_info###14835720
title##title.phonetic_code,>,0,title.kind_id,>,1#1148393
movie_info_idx##movie_info_idx.info_type_id,>,99#920110
movie_info##movie_info.info_type_id,<,16#9565151
movie_keyword##movie_keyword.keyword_id,>,393#3976424
movie_companies###2609129
cast_info##cast_info.role_id,<,9#30511650
movie_keyword##movie_keyword.keyword_id,<,57369#4247511
cast_info###36244344
title##title.season_nr,=,2,title.imdb_index,=,0,title.series_years,<,759#155702
movie_info##movie_info.info_type_id,>,3#11210743
movie_companies##movie_companies.company_type_id,<,2#1274246
cast_info##cast_info.role_id,<,10#31605208
movie_info###14835720
title##title.kind_id,=,2#90852
movie_info##movie_info.info_type_id,>,2#12744652
movie_info_idx###1380035
movie_info###14835720
movie_keyword###4523930
movie_info_idx##movie_info_idx.info_type_id,=,100#459925
movie_info##movie_info.info_type_id,<,107#14637966
movie_info_idx##movie_info_idx.info_type_id,<,101#919850
movie_companies###2609129
movie_companies###2609129
cast_info##cast_info.nr_order,>,1#9271547
movie_keyword###4523930
movie_info##movie_info.info_type_id,<,94#13867355
movie_info_idx##movie_info_idx.info_type_id,>,99#920110
movie_companies##movie_companies.company_type_id,<,2#1274246
movie_info_idx##movie_info_idx.info_type_id,<,101#919850
movie_info##movie_info.info_type_id,>,1#14033580
movie_companies##movie_companies.company_type_id,<,2#1274246
title##title.imdb_index,=,0,title.phonetic_code,>,0,title.kind_id,=,2#90254
movie_companies###2609129
movie_keyword##movie_keyword.keyword_id,<,80218#4414391
movie_info###14835720
movie_companies##movie_companies.company_type_id,<,2#1274246
movie_companies###2609129
title##title.kind_id,=,4#118234
movie_keyword###4523930
movie_info##movie_info.info_type_id,<,16#9565151
movie_companies##movie_companies.company_type_id,<,2#1274246
movie_companies###2609129
title##title.production_year,<,126,title.phonetic_code,<,22275,title.kind_id,>,1#1688079
movie_info###14835720
movie_keyword##movie_keyword.keyword_id,>,137#4315625
movie_companies###2609129
cast_info##cast_info.role_id,=,1#12670688
movie_info_idx##movie_info_idx.info_type_id,=,99#459925
movie_info_idx###1380035
movie_companies##movie_companies.company_type_id,>,1#1334883
cast_info###36244344
movie_companies##movie_companies.company_type_id,<,2#1274246
movie_info_idx###1380035
movie_keyword###4523930
movie_keyword##movie_keyword.keyword_id,>,211#4278739
title##title.imdb_index,=,0,title.phonetic_code,>,0,title.episode_nr,<,2042,title.series_years,>,0#90282
title##title.kind_id,=,7,title.phonetic_code,<,19071,title.production_year,<,127,title.episode_nr,<,143#1328835
title##title.series_years,<,890,title.production_year,<,126,title.phonetic_code,<,19864#2134671
movie_info_idx###1380035
title##title.episode_nr,<,216#2439623
movie_keyword###4523930
movie_keyword##movie_keyword.keyword_id,<,37170#4042131
cast_info###36244344
title##title.production_year,>,23#2431710
cast_info##cast_info.role_id,=,10#4323018
movie_companies###2609129
movie_companies###2609129
movie_keyword###4523930
movie_companies###2609129
movie_keyword###4523930
cast_info##cast_info.role_id,=,1#12670688
movie_keyword##movie_keyword.keyword_id,<,118153#4505060
title##title.production_year,<,125#2136646
cast_info##cast_info.nr_order,>,1#9271547
movie_info###14835720
movie_info##movie_info.info_type_id,>,4#9911754
title##title.kind_id,<,7#985048
cast_info##cast_info.nr_order,<,65#10486035
movie_companies###2609129
movie_info###14835720
cast_info##cast_info.nr_order,>,1#9271547
cast_info##cast_info.nr_order,>,1#9271547
movie_keyword##movie_keyword.keyword_id,<,82442#4424507
movie_keyword###4523930
cast_info###36244344
movie_companies###2609129
movie_keyword###4523930
movie_keyword##movie_keyword.keyword_id,<,71443#4337107
movie_info###14835720
title##title.season_nr,>,0,title.imdb_index,=,0,title.episode_nr,<,7958#1089550
title##title.episode_nr,<,43#2285909
title##title.season_nr,<,4,title.kind_id,>,1#1595840
cast_info###36244344
title##title.episode_nr,>,0#1102414
movie_companies###2609129
movie_companies##movie_companies.company_type_id,=,2#1334883
title##title.season_nr,<,43,title.series_years,>,0,title.production_year,>,48#90675
movie_companies##movie_companies.company_type_id,<,2#1274246
title##title.phonetic_code,<,20833,title.kind_id,>,1,title.series_years,<,917#1764453
title##title.imdb_index,>,0,title.kind_id,>,1,title.series_years,>,0,title.phonetic_code,<,17250#416
movie_keyword##movie_keyword.keyword_id,<,121962#4510037
title##title.season_nr,>,0,title.episode_nr,<,83,title.production_year,<,126,title.imdb_index,=,0#843224
title##title.phonetic_code,>,0#1810013
movie_keyword##movie_keyword.keyword_id,>,1603#3264956
movie_keyword##movie_keyword.keyword_id,<,29029#3879219
title##title.season_nr,>,0#1103803
movie_info##movie_info.info_type_id,>,1#14033580
movie_info###14835720
movie_info_idx###1380035
movie_companies##movie_companies.company_type_id,=,2#1334883
title##title.episode_nr,>,0#1102414
movie_companies##movie_companies.company_type_id,<,2#1274246
title##title.season_nr,<,1,title.imdb_index,=,0#1398239
movie_info_idx##movie_info_idx.info_type_id,>,99#920110
movie_companies###2609129
movie_info_idx##movie_info_idx.info_type_id,<,101#919850
movie_info_idx###1380035
movie_keyword###4523930
title##title.imdb_index,>,0,title.season_nr,<,1#26270
movie_info_idx###1380035
movie_info_idx###1380035
movie_companies##movie_companies.company_type_id,<,2#1274246
movie_keyword###4523930
movie_companies##movie_companies.company_type_id,<,2#1274246
movie_info##movie_info.info_type_id,>,3#11210743
movie_info_idx##movie_info_idx.info_type_id,<,101#919850
movie_info_idx##movie_info_idx.info_type_id,>,99#920110
movie_companies###2609129
movie_keyword###4523930
cast_info###36244344
movie_info##movie_info.info_type_id,>,2#12744652
cast_info##cast_info.role_id,<,10#31605208
cast_info##cast_info.role_id,=,2#7451973
movie_info_idx###1380035
movie_keyword###4523930
movie_companies###2609129
movie_info_idx###1380035
title##title.season_nr,>,0,title.kind_id,=,7,title.production_year,<,125#921242
movie_keyword##movie_keyword.keyword_id,>,347#4070600
movie_keyword###4523930
movie_info_idx##movie_info_idx.info_type_id,>,99#920110
movie_keyword###4523930
movie_keyword###4523930
movie_companies##movie_companies.company_type_id,=,1#1274246
movie_companies###2609129
movie_info###14835720
cast_info###36244344
movie_companies###2609129
cast_info##cast_info.role_id,>,1#23573656
movie_companies##movie_companies.company_type_id,>,1#1334883
movie_companies##movie_companies.company_type_id,=,1#1274246
movie_info_idx###1380035
movie_info##movie_info.info_type_id,<,98#13963496
title##title.phonetic_code,>,0,title.episode_nr,<,27,title.season_nr,>,0#592157
movie_keyword##movie_keyword.keyword_id,>,353#4058790
title##title.phonetic_code,<,17640#2282315
title##title.kind_id,<,7,title.series_years,>,0#90785
cast_info###36244344
movie_info_idx###1380035
movie_info##movie_info.info_type_id,>,2#12744652
movie_info##movie_info.info_type_id,>,2#12744652
movie_info_idx###1380035
movie_info###14835720
movie_info##movie_info.info_type_id,>,4#9911754
movie_info##movie_info.info_type_id,>,1#14033580
cast_info###36244344
movie_info###14835720
movie_info##movie_info.info_type_id,>,1#14033580
movie_info##movie_info.info_type_id,>,2#12744652
movie_info_idx##movie_info_idx.info_type_id,=,101#459925
cast_info###36244344
movie_info##movie_info.info_type_id,>,2#12744652
cast_info###36244344
movie_info###14835720
movie_info_idx##movie_info_idx.info_type_id,=,99#459925
movie_info##movie_info.info_type_id,<,16#9565151
movie_info_idx###1380035
movie_companies###2609129
movie_info##movie_info.info_type_id,<,18#12970088
movie_keyword###4523930
movie_companies##movie_companies.company_type_id,<,2#1274246
movie_info_idx##movie_info_idx.info_type_id,<,101#919850
cast_info##cast_info.role_id,<,10#31605208
movie_keyword###4523930
movie_info###14835720
title##title.season_nr,=,1,title.production_year,>,30#552334
movie_companies##movie_companies.company_type_id,>,1#1334883
movie_info###14835720
title##title.season_nr,<,39,title.episode_nr,<,31#2233438
cast_info###36244344
cast_info##cast_info.role_id,>,1#23573656
cast_info##cast_info.role_id,>,1#23573656
movie_companies###2609129
title##title.phonetic_code,>,0#1810013
movie_companies##movie_companies.company_type_id,>,1#1334883
movie_info_idx##movie_info_idx.info_type_id,<,101#919850
cast_info###36244344
movie_companies##movie_companies.company_type_id,<,2#1274246
cast_info##cast_info.role_id,<,10#31605208
cast_info###36244344
movie_keyword###4523930
movie_companies##movie_companies.company_type_id,<,2#1274246
movie_info_idx##movie_info_idx.info_type_id,=,100#459925
title##title.episode_nr,<,4784#2501862
title##title.season_nr,<,10,title.phonetic_code,<,15958#1978434
movie_keyword###4523930
movie_info##movie_info.info_type_id,>,1#14033580
movie_keyword###4523930
movie_info###14835720
cast_info##cast_info.role_id,<,9#30511650
title##title.production_year,<,120,title.episode_nr,>,0#615270
movie_keyword###4523930
movie_info###14835720
cast_info##cast_info.role_id,=,2#7451973
movie_info_idx##movie_info_idx.info_type_id,=,101#459925
movie_keyword##movie_keyword.keyword_id,<,49668#4191294
movie_info_idx###1380035
movie_info_idx###1380035
cast_info##cast_info.nr_order,>,1#9271547
movie_info_idx###1380035
movie_info_idx##movie_info_idx.info_type_id,>,99#920110
movie_keyword##movie_keyword.keyword_id,<,40008#4082557
title##title.episode_nr,>,0,title.production_year,<,126#997275
title##title.kind_id,>,1,title.imdb_index,=,0#1863765
cast_info##cast_info.role_id,>,1#23573656
title##title.season_nr,=,0,title.episode_nr,<,1,title.phonetic_code,>,0#1097350
movie_info###14835720
movie_info_idx###1380035
movie_info_idx###1380035
title##title.episode_nr,<,33,title.production_year,>,12,title.kind_id,<,7#973693
title##title.episode_nr,>,0#1102414
movie_info##movie_info.info_type_id,<,54#13688003
movie_info##movie_info.info_type_id,<,105#14407069
movie_info_idx##movie_info_idx.info_type_id,<,101#919850
cast_info###36244344
movie_companies###2609129
title##title.phonetic_code,>,0,title.production_year,<,127,title.episode_nr,>,0#693125
title##title.series_years,>,0,title.kind_id,<,7,title.season_nr,=,0,title.imdb_index,>,0#492
movie_info_idx##movie_info_idx.info_type_id,<,101#919850
movie_info###14835720
movie_info_idx##movie_info_idx.info_type_id,<,101#919850
cast_info##cast_info.nr_order,<,26#9637686
cast_info###36244344
movie_info###14835720
movie_info_idx###1380035
movie_keyword##movie_keyword.keyword_id,>,228#4262997
movie_keyword###4523930
movie_info_idx##movie_info_idx.info_type_id,<,101#919850
title##title.production_year,<,126,title.season_nr,=,1#535592
movie_keyword##movie_keyword.keyword_id,<,32958#3966253
title##title.kind_id,=,7#1543264
movie_companies###2609129
movie_keyword###4523930
cast_info###36244344
movie_keyword###4523930
movie_info###14835720
title##title.phonetic_code,>,0,title.kind_id,>,1,title.imdb_index,>,0,title.series_years,<,1336#1425
movie_info##movie_info.info_type_id,>,2#12744652
movie_keyword##movie_keyword.keyword_id,>,348#4062203
movie_companies###2609129
cast_info###36244344
movie_keyword##movie_keyword.keyword_id,>,117#4360169
movie_companies##movie_companies.company_type_id,=,2#1334883
movie_info_idx##movie_info_idx.info_type_id,>,99#920110
title##title.imdb_index,=,0,title.series_years,>,0#90383
title##title.episode_nr,<,23,title.season_nr,<,13#2139302
movie_companies##movie_companies.company_type_id,>,1#1334883
movie_keyword###4523930
movie_companies###2609129
movie_keyword##movie_keyword.keyword_id,>,3#4501684
movie_info_idx##movie_info_idx.info_type_id,>,99#920110
movie_info_idx###1380035
title##title.production_year,>,0#2456218
movie_companies###2609129
movie_info_idx###1380035
movie_info_idx##movie_info_idx.info_type_id,=,101#459925
movie_companies###2609129
movie_info###14835720
title##title.episode_nr,<,58,title.series_years,>,0,title.phonetic_code,<,20998#88684
title##title.season_nr,>,0,title.production_year,<,126,title.episode_nr,<,117,title.series_years,>,0#81
movie_keyword##movie_keyword.keyword_id,<,52269#4211523
movie_keyword###4523930
movie_companies###2609129
movie_info##movie_info.info_type_id,>,1#14033580
movie_info_idx##movie_info_idx.info_type_id,>,99#920110
movie_info##movie_info.info_type_id,>,1#14033580
cast_info##cast_info.nr_order,>,1#9271547
movie_info_idx###1380035
movie_info###14835720
movie_companies##movie_companies.company_type_id,>,1#1334883
title##title.production_year,<,127,title.series_years,>,0,title.kind_id,=,7#90
movie_info_idx##movie_info_idx.info_type_id,>,99#920110
cast_info###36244344
movie_info###14835720
movie_companies###2609129
movie_info###14835720
cast_info##cast_info.nr_order,>,1#9271547
movie_companies###2609129
cast_info##cast_info.role_id,<,10#31605208
movie_info_idx##movie_info_idx.info_type_id,=,100#459925
cast_info##cast_info.role_id,=,1#12670688
movie_info_idx##movie_info_idx.info_type_id,<,101#919850
movie_info###14835720
cast_info##cast_info.role_id,=,2#7451973
movie_companies###2609129
movie_companies##movie_companies.company_type_id,>,1#1334883
title##title.season_nr,>,0,title.production_year,>,64,title.episode_nr,>,0,title.phonetic_code,<,20516#1017646
movie_keyword##movie_keyword.keyword_id,>,382#3982530
title##title.series_years,>,0,title.season_nr,>,0#88
movie_info###14835720
movie_info###14835720
movie_info###14835720
movie_info_idx##movie_info_idx.info_type_id,>,99#920110
cast_info##cast_info.nr_order,>,2#8350773
movie_info_idx###1380035
cast_info##cast_info.role_id,>,1#23573656
movie_companies###2609129
movie_companies##movie_companies.company_type_id,=,1#1274246
title##title.phonetic_code,>,0,title.production_year,<,125,title.episode_nr,<,57#1491964
cast_info###36244344
movie_companies###2609129
movie_companies###2609129
movie_info_idx##movie_info_idx.info_type_id,>,99#920110
title##title.series_years,>,0#90875
movie_info_idx##movie_info_idx.info_type_id,=,101#459925
cast_info###36244344
movie_companies###2609129
cast_info###36244344
movie_info###14835720
movie_companies##movie_companies.company_type_id,<,2#1274246
movie_keyword##movie_keyword.keyword_id,<,109161#4491782
movie_info_idx##movie_info_idx.info_type_id,>,99#920110
movie_info###14835720
movie_info##movie_info.info_type_id,<,98#13963496
movie_info_idx##movie_info_idx.info_type_id,>,99#920110
cast_info###36244344
cast_info###36244344
movie_info##movie_info.info_type_id,<,16#9565151
title##title.production_year,<,124#1994943
movie_keyword##movie_keyword.keyword_id,>,495#3884292
title##title.kind_id,>,1#1865487
movie_companies###2609129
movie_info_idx##movie_info_idx.info_type_id,=,101#459925
movie_info##movie_info.info_type_id,>,2#12744652
cast_info###36244344
title##title.series_years,<,1387#2506732
movie_keyword##movie_keyword.keyword_id,>,245#4213440
movie_companies###2609129
movie_info_idx###1380035
title##title.season_nr,>,0,title.production_year,<,125#921242
title##title.series_years,>,0,title.kind_id,>,1#90875
cast_info##cast_info.role_id,=,1#12670688
movie_keyword##movie_keyword.keyword_id,<,63456#4294603
movie_info_idx###1380035
cast_info###36244344
title##title.episode_nr,>,0,title.phonetic_code,<,19526#1055543
title##title.series_years,<,1400,title.phonetic_code,<,14698,title.production_year,>,0#1916405
movie_companies###2609129
movie_keyword###4523930
movie_info##movie_info.info_type_id,>,1#14033580
movie_keyword###4523930
movie_info###14835720
cast_info##cast_info.role_id,<,10#31605208
movie_info###14835720
title##title.episode_nr,>,0#1102414
movie_info###14835720
movie_companies###2609129
movie_companies###2609129
title##title.kind_id,>,1,title.phonetic_code,<,18139,title.season_nr,=,0#714857
movie_info###14835720
cast_info###36244344
cast_info###36244344
movie_info###14835720
movie_keyword##movie_keyword.keyword_id,>,236#4230445
title##title.production_year,>,0,title.phonetic_code,<,13230#1813348
movie_companies###2609129
movie_info_idx###1380035
title##title.kind_id,>,1,title.episode_nr,<,21,title.season_nr,=,0#761684
movie_info##movie_info.info_type_id,<,18#12970088
movie_keyword###4523930
cast_info##cast_info.role_id,>,1#23573656
movie_companies###2609129
title##title.season_nr,=,1,title.episode_nr,<,66,title.imdb_index,=,0,title.production_year,>,28#422153
movie_keyword###4523930
cast_info###36244344
movie_info_idx###1380035
movie_info_idx###1380035
movie_info_idx##movie_info_idx.info_type_id,=,100#459925
movie_info###14835720
movie_info_idx##movie_info_idx.info_type_id,<,101#919850
movie_info##movie_info.info_type_id,<,107#14637966
movie_info_idx###1380035
cast_info###36244344
movie_info_idx###1380035
movie_info##movie_info.info_type_id,>,2#12744652
cast_info###36244344
movie_info###14835720
title##title.production_year,>,13,title.imdb_index,>,0#25803
cast_info###36244344
title##title.imdb_index,>,0,title.kind_id,<,7#26270
movie_companies##movie_companies.company_type_id,<,2#1274246
movie_keyword###4523930
title##title.kind_id,>,1,title.imdb_index,>,0,title.series_years,>,0#492
movie_info_idx##movie_info_idx.info_type_id,<,101#919850
cast_info###36244344
movie_keyword###4523930
movie_companies##movie_companies.company_type_id,=,2#1334883
movie_keyword##movie_keyword.keyword_id,<,30383#3916000
movie_info##movie_info.info_type_id,>,1#14033580
cast_info###36244344
movie_companies##movie_companies.company_type_id,<,2#1274246
cast_info##cast_info.role_id,<,8#28808107
movie_keyword##movie_keyword.keyword_id,>,228#4262997
movie_info###14835720
movie_info###14835720
movie_info###14835720
movie_info###14835720
movie_info_idx##movie_info_idx.info_type_id,<,101#919850
cast_info##cast_info.role_id,<,10#31605208
title##title.production_year,>,0,title.season_nr,<,3,title.phonetic_code,<,11786#1460072
movie_info###14835720
movie_info###14835720
cast_info###36244344
cast_info##cast_info.nr_order,<,36#10135981
movie_companies###2609129
title##title.phonetic_code,>,0#1810013
cast_info###36244344
movie_keyword###4523930
movie_info###14835720
movie_info##movie_info.info_type_id,<,18#12970088
cast_info###36244344
movie_keyword###4523930
movie_info###14835720
cast_info###36244344
movie_keyword###4523930
movie_companies###2609129
movie_keyword###4523930
movie_info_idx###1380035
movie_keyword###4523930
title##title.imdb_index,>,0,title.episode_nr,<,111,title.phonetic_code,>,0,title.series_years,>,0#488
title##title.episode_nr,<,48#2299487
movie_keyword###4523930
title##title.imdb_index,>,0,title.phonetic_code,<,20343#25222
movie_companies###2609129
movie_info###14835720
movie_info_idx###1380035
movie_info##movie_info.info_type_id,>,3#11210743
movie_info##movie_info.info_type_id,>,1#14033580
movie_info##movie_info.info_type_id,<,107#14637966
movie_companies##movie_companies.company_type_id,=,2#1334883
movie_info_idx##movie_info_idx.info_type_id,<,101#919850
movie_info_idx##movie_info_idx.info_type_id,<,101#919850
movie_info_idx##movie_info_idx.info_type_id,=,100#459925
cast_info##cast_info.role_id,>,1#23573656
movie_info_idx###1380035
cast_info###36244344
cast_info##cast_info.nr_order,>,2#8350773
movie_companies##movie_companies.company_type_id,=,1#1274246
movie_info_idx###1380035
movie_keyword##movie_keyword.keyword_id,>,2506#2875756
movie_info_idx##movie_info_idx.info_type_id,<,101#919850
movie_companies##movie_companies.company_type_id,<,2#1274246
movie_info_idx###1380035
movie_info##movie_info.info_type_id,<,110#14805540
title##title.kind_id,>,1,title.imdb_index,>,0#1722
movie_info_idx###1380035
movie_info##movie_info.info_type_id,<,108#14785453
movie_keyword##movie_keyword.keyword_id,>,571#3831419
movie_keyword##movie_keyword.keyword_id,>,1#4509566
title##title.episode_nr,>,0#1102414
title##title.kind_id,>,1,title.episode_nr,<,316#1789613
movie_companies##movie_companies.company_type_id,=,1#1274246
movie_info###14835720
movie_info###14835720
movie_keyword##movie_keyword.keyword_id,<,64437#4302392
movie_info_idx###1380035
title##title.episode_nr,<,140,title.season_nr,=,0,title.production_year,<,126,title.kind_id,>,1#696899
movie_keyword###4523930
movie_info###14835720
movie_keyword##movie_keyword.keyword_id,>,263#4197002
cast_info###36244344
title##title.kind_id,>,1,title.production_year,<,127,title.imdb_index,=,0#1818479
title##title.series_years,>,0,title.production_year,<,124,title.season_nr,<,7,title.kind_id,>,2#81
movie_info_idx##movie_info_idx.info_type_id,=,99#459925
cast_info##cast_info.role_id,>,1#23573656
movie_info_idx###1380035
cast_info###36244344
movie_keyword##movie_keyword.keyword_id,>,55#4466327
movie_info###14835720
movie_info##movie_info.info_type_id,>,1#14033580
movie_info_idx###1380035
movie_companies###2609129
movie_info_idx###1380035
movie_companies##movie_companies.company_type_id,>,1#1334883
movie_info###14835720
movie_keyword###4523930
title##title.production_year,>,72#2225335
movie_companies##movie_companies.company_type_id,=,1#1274246
movie_info###14835720
movie_info###14835720
movie_info_idx###1380035
movie_info##movie_info.info_type_id,>,2#12744652
movie_keyword##movie_keyword.keyword_id,>,137#4315625
title##title.phonetic_code,>,0#1810013
movie_keyword###4523930
movie_companies###2609129
title##title.production_year,>,113#1434466
movie_keyword###4523930
movie_info_idx###1380035
movie_info###14835720
movie_info_idx##movie_info_idx.info_type_id,=,100#459925
cast_info###36244344
title##title.phonetic_code,<,19410#2402572
movie_keyword##movie_keyword.keyword_id,>,613#3808083
title##title.season_nr,=,2,title.episode_nr,>,0#155596
movie_info_idx###1380035
movie_keyword##movie_keyword.keyword_id,>,335#4087742
cast_info###36244344
movie_info##movie_info.info_type_id,>,3#11210743
movie_companies##movie_companies.company_type_id,=,2#1334883
movie_info###14835720
cast_info###36244344
title##title.series_years,>,0,title.season_nr,=,0#90787
movie_keyword###4523930
cast_info##cast_info.role_id,<,10#31605208
cast_info###36244344
movie_keyword##movie_keyword.keyword_id,>,47#4475978
cast_info##cast_info.nr_order,>,1#9271547
movie_keyword##movie_keyword.keyword_id,>,236#4230445
title##title.phonetic_code,<,8487,title.kind_id,=,7#1081769
movie_keyword###4523930
movie_keyword###4523930
cast_info###36244344
title##title.kind_id,<,7,title.phonetic_code,>,0,title.production_year,>,73#781412
movie_info###14835720
title##title.phonetic_code,<,23000,title.kind_id,<,7#982788
title##title.imdb_index,=,0#2502042
cast_info###36244344
cast_info###36244344
title##title.episode_nr,>,0,title.phonetic_code,>,0#711394
movie_keyword##movie_keyword.keyword_id,>,323#4162908
cast_info###36244344
movie_info_idx##movie_info_idx.info_type_id,<,101#919850
movie_companies##movie_companies.company_type_id,>,1#1334883
movie_companies###2609129
movie_info_idx###1380035
movie_keyword##movie_keyword.keyword_id,<,30799#3927495
movie_info_idx##movie_info_idx.info_type_id,=,100#459925
title##title.series_years,>,0#90875
movie_info##movie_info.info_type_id,<,16#9565151
movie_info_idx###1380035
movie_info##movie_info.info_type_id,<,98#13963496
movie_info_idx##movie_info_idx.info_type_id,>,99#920110
movie_companies###2609129
movie_companies##movie_companies.company_type_id,=,2#1334883
cast_info##cast_info.role_id,<,10#31605208
cast_info##cast_info.nr_order,<,18#8687558
movie_info##movie_info.info_type_id,<,16#9565151
movie_companies###2609129
movie_keyword##movie_keyword.keyword_id,<,51340#4206315
movie_keyword###4523930
movie_info###14835720
cast_info##cast_info.role_id,>,1#23573656
movie_keyword###4523930
cast_info###36244344
title##title.phonetic_code,<,22398#2516886
cast_info###36244344
movie_keyword##movie_keyword.keyword_id,>,178#4298306
title##title.kind_id,=,4#118234
movie_info_idx##movie_info_idx.info_type_id,=,100#459925
movie_info##movie_info.info_type_id,<,98#13963496
movie_info_idx###1380035
title##title.production_year,<,127,title.imdb_index,>,0#25003
