movie_info,movie_keyword,cast_info,title#title.id=movie_info.movie_id,title.id=movie_keyword.movie_id,title.id=cast_info.movie_id#movie_info.info_type_id,>,2,cast_info.role_id,<,4,title.series_years,>,0,title.imdb_index,>,0,title.season_nr,=,0,title.kind_id,>,1#262358
movie_companies,movie_info,title#title.id=movie_companies.movie_id,title.id=movie_info.movie_id#movie_companies.company_type_id,<,2,movie_info.info_type_id,<,107,title.series_years,>,0,title.production_year,<,121,title.phonetic_code,>,8047,title.season_nr,=,0#1026967
movie_companies,cast_info,movie_keyword,movie_info,title#title.id=movie_companies.movie_id,title.id=cast_info.movie_id,title.id=movie_keyword.movie_id,title.id=movie_info.movie_id#movie_companies.company_type_id,>,1,cast_info.role_id,=,3,title.episode_nr,<,33,title.series_years,>,0,title.kind_id,<,7,title.phonetic_code,>,20654#1434539
movie_info_idx,cast_info,movie_info,movie_keyword,title#title.id=movie_info_idx.movie_id,title.id=cast_info.movie_id,title.id=movie_info.movie_id,title.id=movie_keyword.movie_id#movie_info_idx.info_type_id,<,101,cast_info.role_id,=,3,title.phonetic_code,<,20612,title.kind_id,<,7,title.episode_nr,<,13346,title.series_years,>,0#15613730
movie_keyword,movie_companies,cast_info,title#title.id=movie_keyword.movie_id,title.id=movie_companies.movie_id,title.id=cast_info.movie_id#movie_keyword.keyword_id,<,37573,movie_companies.company_type_id,>,1,cast_info.role_id,<,10,title.imdb_index,=,0,title.season_nr,>,0,title.phonetic_code,<,11266#11770516
movie_info_idx,movie_keyword,title#title.id=movie_info_idx.movie_id,title.id=movie_keyword.movie_id#movie_info_idx.info_type_id,<,101,movie_keyword.keyword_id,>,51,title.production_year,>,88,title.season_nr,=,0,title.series_years,>,0,title.imdb_index,>,0#1642
movie_keyword,movie_companies,movie_info,cast_info,title#title.id=movie_keyword.movie_id,title.id=movie_companies.movie_id,title.id=movie_info.movie_id,title.id=cast_info.movie_id#movie_keyword.keyword_id,<,67699,movie_info.info_type_id,<,16,title.kind_id,=,7,title.season_nr,>,0,title.phonetic_code,<,18263,title.imdb_index,=,0#897281530
movie_info_idx,cast_info,movie_companies,title#title.id=movie_info_idx.movie_id,title.id=cast_info.movie_id,title.id=movie_companies.movie_id#cast_info.role_id,=,1,movie_companies.company_type_id,<,2,title.kind_id,<,7,title.imdb_index,>,0,title.production_year,>,80,title.episode_nr,<,26#685752
cast_info,movie_keyword,movie_info_idx,title#title.id=cast_info.movie_id,title.id=movie_keyword.movie_id,title.id=movie_info_idx.movie_id#cast_info.role_id,>,1,movie_keyword.keyword_id,>,3,movie_info_idx.info_type_id,>,99,title.series_years,<,1403,title.kind_id,>,2,title.phonetic_code,<,2182#7452138
movie_keyword,movie_info,cast_info,movie_companies,title#title.id=movie_keyword.movie_id,title.id=movie_info.movie_id,title.id=cast_info.movie_id,title.id=movie_companies.movie_id#movie_info.info_type_id,<,106,cast_info.nr_order,<,1,movie_companies.company_type_id,=,1,title.phonetic_code,<,5563,title.production_year,>,102,title.kind_id,<,3#713050785
movie_info,cast_info,movie_keyword,title#title.id=movie_info.movie_id,title.id=cast_info.movie_id,title.id=movie_keyword.movie_id#movie_info.info_type_id,<,63,movie_keyword.keyword_id,<,4960,title.imdb_index,=,0,title.kind_id,>,1,title.production_year,<,118,title.season_nr,>,0#43396125
movie_companies,movie_info,movie_info_idx,title#title.id=movie_companies.movie_id,title.id=movie_info.movie_id,title.id=movie_info_idx.movie_id#movie_companies.company_type_id,=,2,movie_info.info_type_id,<,105,title.phonetic_code,>,0,title.series_years,>,0,title.season_nr,<,50,title.production_year,>,106#1713213
cast_info,movie_info_idx,movie_info,movie_keyword,title#title.id=cast_info.movie_id,title.id=movie_info_idx.movie_id,title.id=movie_info.movie_id,title.id=movie_keyword.movie_id#cast_info.role_id,=,1,movie_info_idx.info_type_id,>,99,movie_info.info_type_id,>,1,movie_keyword.keyword_id,>,13391,title.season_nr,>,2,title.phonetic_code,<,3483#4536454
movie_keyword,movie_info,movie_info_idx,movie_companies,title#title.id=movie_keyword.movie_id,title.id=movie_info.movie_id,title.id=movie_info_idx.movie_id,title.id=movie_companies.movie_id#movie_keyword.keyword_id,>,1,movie_info.info_type_id,>,7,movie_companies.company_type_id,>,1,title.phonetic_code,<,10247,title.production_year,>,111,title.imdb_index,=,0#622406061
movie_info,cast_info,movie_keyword,title#title.id=movie_info.movie_id,title.id=cast_info.movie_id,title.id=movie_keyword.movie_id#movie_info.info_type_id,>,4,cast_info.role_id,=,3,title.series_years,>,0,title.kind_id,>,1,title.episode_nr,<,95,title.production_year,>,86#6524019
movie_keyword,movie_info,movie_info_idx,movie_companies,title#title.id=movie_keyword.movie_id,title.id=movie_info.movie_id,title.id=movie_info_idx.movie_id,title.id=movie_companies.movie_id#movie_keyword.keyword_id,<,46138,movie_info.info_type_id,<,97,movie_companies.company_type_id,=,1,title.phonetic_code,>,5301,title.imdb_index,>,0,title.production_year,<,107#3657594
cast_info,movie_companies,movie_keyword,movie_info_idx,title#title.id=cast_info.movie_id,title.id=movie_companies.movie_id,title.id=movie_keyword.movie_id,title.id=movie_info_idx.movie_id#cast_info.nr_order,>,1,movie_keyword.keyword_id,>,460,movie_info_idx.info_type_id,>,99,title.kind_id,=,7,title.episode_nr,<,7,title.phonetic_code,>,17599#2721336
movie_companies,movie_info,movie_keyword,title#title.id=movie_companies.movie_id,title.id=movie_info.movie_id,title.id=movie_keyword.movie_id#movie_companies.company_type_id,=,1,movie_info.info_type_id,<,103,movie_keyword.keyword_id,>,245,title.phonetic_code,<,883,title.production_year,<,123,title.imdb_index,=,0#155604543
cast_info,movie_info,movie_info_idx,title#title.id=cast_info.movie_id,title.id=movie_info.movie_id,title.id=movie_info_idx.movie_id#movie_info.info_type_id,>,4,movie_info_idx.info_type_id,=,99,title.episode_nr,<,7,title.phonetic_code,>,9985,title.production_year,<,124,title.series_years,>,0#2579138
movie_companies,cast_info,movie_keyword,movie_info_idx,title#title.id=movie_companies.movie_id,title.id=cast_info.movie_id,title.id=movie_keyword.movie_id,title.id=movie_info_idx.movie_id#movie_companies.company_type_id,>,1,cast_info.role_id,=,1,movie_keyword.keyword_id,>,137,title.kind_id,=,1,title.phonetic_code,>,12110,title.imdb_index,=,0#187426130
movie_info,movie_companies,title#title.id=movie_info.movie_id,title.id=movie_companies.movie_id#movie_info.info_type_id,<,94,movie_companies.company_type_id,=,1,title.series_years,>,0,title.phonetic_code,<,10381,title.kind_id,>,1,title.episode_nr,>,0#17
movie_keyword,cast_info,movie_companies,movie_info,title#title.id=movie_keyword.movie_id,title.id=cast_info.movie_id,title.id=movie_companies.movie_id,title.id=movie_info.movie_id#cast_info.role_id,=,1,movie_info.info_type_id,<,16,title.episode_nr,>,4,title.phonetic_code,<,6225,title.series_years,>,0,title.production_year,<,111#3597
movie_companies,movie_info_idx,movie_info,cast_info,title#title.id=movie_companies.movie_id,title.id=movie_info_idx.movie_id,title.id=movie_info.movie_id,title.id=cast_info.movie_id#movie_info_idx.info_type_id,>,99,cast_info.nr_order,>,0,title.episode_nr,<,17,title.kind_id,=,7,title.season_nr,=,1,title.production_year,>,117#34831718
movie_info,movie_info_idx,movie_companies,cast_info,title#title.id=movie_info.movie_id,title.id=movie_info_idx.movie_id,title.id=movie_companies.movie_id,title.id=cast_info.movie_id#movie_info_idx.info_type_id,>,99,cast_info.nr_order,>,1,title.series_years,>,0,title.season_nr,=,0,title.production_year,<,80,title.kind_id,>,1#8981578
movie_companies,movie_info,movie_keyword,title#title.id=movie_companies.movie_id,title.id=movie_info.movie_id,title.id=movie_keyword.movie_id#movie_companies.company_type_id,>,1,movie_info.info_type_id,>,16,title.imdb_index,=,0,title.production_year,<,126,title.episode_nr,<,41,title.phonetic_code,<,16599#207666075
cast_info,movie_companies,movie_keyword,movie_info,title#title.id=cast_info.movie_id,title.id=movie_companies.movie_id,title.id=movie_keyword.movie_id,title.id=movie_info.movie_id#cast_info.role_id,=,1,movie_info.info_type_id,<,98,title.series_years,>,0,title.season_nr,>,0,title.production_year,<,120,title.kind_id,>,1#8019
movie_info_idx,cast_info,movie_info,movie_keyword,title#title.id=movie_info_idx.movie_id,title.id=cast_info.movie_id,title.id=movie_info.movie_id,title.id=movie_keyword.movie_id#movie_info_idx.info_type_id,=,101,movie_info.info_type_id,<,98,title.season_nr,>,1,title.imdb_index,=,0,title.phonetic_code,>,3034,title.episode_nr,<,4#27829890
movie_keyword,movie_info,cast_info,movie_companies,title#title.id=movie_keyword.movie_id,title.id=movie_info.movie_id,title.id=cast_info.movie_id,title.id=movie_companies.movie_id#movie_info.info_type_id,<,98,movie_companies.company_type_id,<,2,title.phonetic_code,>,1460,title.season_nr,<,3,title.series_years,>,0,title.kind_id,<,7#1237589798
movie_companies,movie_info_idx,cast_info,title#title.id=movie_companies.movie_id,title.id=movie_info_idx.movie_id,title.id=cast_info.movie_id#movie_companies.company_type_id,>,1,movie_info_idx.info_type_id,>,99,title.phonetic_code,<,11385,title.imdb_index,=,0,title.kind_id,<,2,title.series_years,<,1296#13517035
movie_keyword,movie_companies,movie_info,movie_info_idx,title#title.id=movie_keyword.movie_id,title.id=movie_companies.movie_id,title.id=movie_info.movie_id,title.id=movie_info_idx.movie_id#movie_keyword.keyword_id,>,103,movie_info.info_type_id,>,2,title.series_years,<,1366,title.episode_nr,<,50,title.season_nr,>,0,title.production_year,<,127#76007313
cast_info,movie_keyword,movie_info_idx,movie_info,title#title.id=cast_info.movie_id,title.id=movie_keyword.movie_id,title.id=movie_info_idx.movie_id,title.id=movie_info.movie_id#cast_info.role_id,>,1,movie_info_idx.info_type_id,=,101,title.series_years,>,0,title.phonetic_code,>,19425,title.season_nr,=,0,title.imdb_index,>,0#1514
movie_companies,movie_keyword,cast_info,movie_info,title#title.id=movie_companies.movie_id,title.id=movie_keyword.movie_id,title.id=cast_info.movie_id,title.id=movie_info.movie_id#movie_companies.company_type_id,>,1,movie_keyword.keyword_id,<,23040,cast_info.nr_order,>,1,title.production_year,<,103,title.phonetic_code,<,12243,title.season_nr,=,0#1662472089
cast_info,movie_companies,movie_info,title#title.id=cast_info.movie_id,title.id=movie_companies.movie_id,title.id=movie_info.movie_id#movie_companies.company_type_id,=,1,movie_info.info_type_id,>,3,title.imdb_index,>,0,title.production_year,>,126,title.season_nr,=,0,title.phonetic_code,>,15408#647021
cast_info,movie_info,movie_companies,title#title.id=cast_info.movie_id,title.id=movie_info.movie_id,title.id=movie_companies.movie_id#cast_info.role_id,>,1,movie_companies.company_type_id,<,2,title.episode_nr,<,1,title.kind_id,<,7,title.production_year,<,90,title.phonetic_code,<,14715#150502477
movie_info_idx,movie_info,movie_companies,movie_keyword,title#title.id=movie_info_idx.movie_id,title.id=movie_info.movie_id,title.id=movie_companies.movie_id,title.id=movie_keyword.movie_id#movie_info_idx.info_type_id,>,99,movie_info.info_type_id,>,1,title.phonetic_code,>,11464,title.production_year,>,82,title.episode_nr,>,0,title.imdb_index,=,0#22261642
movie_companies,cast_info,movie_info_idx,movie_info,title#title.id=movie_companies.movie_id,title.id=cast_info.movie_id,title.id=movie_info_idx.movie_id,title.id=movie_info.movie_id#movie_companies.company_type_id,>,1,movie_info_idx.info_type_id,=,101,title.phonetic_code,<,16905,title.season_nr,=,0,title.series_years,>,0,title.production_year,<,110#7692469
movie_info,movie_keyword,movie_info_idx,cast_info,title#title.id=movie_info.movie_id,title.id=movie_keyword.movie_id,title.id=movie_info_idx.movie_id,title.id=cast_info.movie_id#movie_info.info_type_id,>,2,cast_info.role_id,=,3,title.kind_id,<,7,title.production_year,<,112,title.series_years,>,0,title.phonetic_code,>,20552#437028
movie_keyword,movie_info_idx,cast_info,title#title.id=movie_keyword.movie_id,title.id=movie_info_idx.movie_id,title.id=cast_info.movie_id#movie_keyword.keyword_id,>,1,movie_info_idx.info_type_id,>,99,cast_info.role_id,<,10,title.imdb_index,=,0,title.episode_nr,>,0,title.season_nr,>,0#23664500
cast_info,movie_info_idx,movie_companies,movie_keyword,title#title.id=cast_info.movie_id,title.id=movie_info_idx.movie_id,title.id=movie_companies.movie_id,title.id=movie_keyword.movie_id#cast_info.nr_order,>,0,movie_companies.company_type_id,<,2,title.phonetic_code,>,0,title.production_year,<,123,title.kind_id,=,7,title.episode_nr,<,15#23275755
movie_info_idx,movie_keyword,cast_info,movie_companies,title#title.id=movie_info_idx.movie_id,title.id=movie_keyword.movie_id,title.id=cast_info.movie_id,title.id=movie_companies.movie_id#movie_info_idx.info_type_id,<,101,cast_info.nr_order,<,50,title.production_year,<,127,title.imdb_index,>,0,title.kind_id,<,7,title.season_nr,=,0#51047110
cast_info,movie_keyword,movie_companies,title#title.id=cast_info.movie_id,title.id=movie_keyword.movie_id,title.id=movie_companies.movie_id#cast_info.nr_order,>,1,movie_companies.company_type_id,<,2,title.phonetic_code,>,4763,title.season_nr,=,0,title.production_year,<,118,title.kind_id,>,4#682482
movie_info,movie_companies,movie_info_idx,movie_keyword,title#title.id=movie_info.movie_id,title.id=movie_companies.movie_id,title.id=movie_info_idx.movie_id,title.id=movie_keyword.movie_id#movie_info.info_type_id,>,3,movie_companies.company_type_id,>,1,title.season_nr,=,0,title.kind_id,=,1,title.production_year,>,0,title.phonetic_code,<,16649#1562555949
movie_keyword,cast_info,movie_companies,movie_info,title#title.id=movie_keyword.movie_id,title.id=cast_info.movie_id,title.id=movie_companies.movie_id,title.id=movie_info.movie_id#movie_keyword.keyword_id,<,43360,cast_info.nr_order,<,8,movie_companies.company_type_id,<,2,title.season_nr,>,0,title.kind_id,>,4,title.production_year,>,110#128565486
movie_info_idx,movie_companies,title#title.id=movie_info_idx.movie_id,title.id=movie_companies.movie_id#movie_info_idx.info_type_id,=,99,movie_companies.company_type_id,>,1,title.production_year,<,113,title.kind_id,=,7,title.episode_nr,<,4,title.season_nr,=,1#4142
movie_companies,movie_info_idx,cast_info,movie_info,title#title.id=movie_companies.movie_id,title.id=movie_info_idx.movie_id,title.id=cast_info.movie_id,title.id=movie_info.movie_id#movie_companies.company_type_id,=,2,cast_info.role_id,<,10,movie_info.info_type_id,>,16,title.imdb_index,=,0,title.series_years,>,0,title.phonetic_code,>,6049#5487318
cast_info,movie_info,movie_info_idx,movie_keyword,title#title.id=cast_info.movie_id,title.id=movie_info.movie_id,title.id=movie_info_idx.movie_id,title.id=movie_keyword.movie_id#movie_info.info_type_id,>,1,movie_info_idx.info_type_id,=,100,title.imdb_index,=,0,title.series_years,>,0,title.phonetic_code,<,17078,title.production_year,<,117#76175372
movie_companies,movie_keyword,cast_info,title#title.id=movie_companies.movie_id,title.id=movie_keyword.movie_id,title.id=cast_info.movie_id#movie_companies.company_type_id,=,1,movie_keyword.keyword_id,>,580,cast_info.role_id,=,10,title.kind_id,=,7,title.season_nr,=,2,title.episode_nr,>,17#152834
movie_info_idx,movie_info,cast_info,title#title.id=movie_info_idx.movie_id,title.id=movie_info.movie_id,title.id=cast_info.movie_id#movie_info_idx.info_type_id,=,101,movie_info.info_type_id,<,16,cast_info.nr_order,<,1,title.series_years,>,0,title.phonetic_code,<,11309,title.episode_nr,<,8#4336
movie_info_idx,movie_keyword,title#title.id=movie_info_idx.movie_id,title.id=movie_keyword.movie_id#movie_info_idx.info_type_id,<,101,movie_keyword.keyword_id,>,31,title.kind_id,=,7,title.production_year,>,124,title.season_nr,<,4,title.episode_nr,<,10#42414
movie_companies,movie_info,cast_info,title#title.id=movie_companies.movie_id,title.id=movie_info.movie_id,title.id=cast_info.movie_id#movie_companies.company_type_id,=,1,movie_info.info_type_id,<,16,cast_info.nr_order,<,1,title.phonetic_code,>,5326,title.production_year,<,26,title.season_nr,>,0#156
movie_keyword,movie_info,cast_info,movie_companies,title#title.id=movie_keyword.movie_id,title.id=movie_info.movie_id,title.id=cast_info.movie_id,title.id=movie_companies.movie_id#movie_keyword.keyword_id,>,1732,movie_info.info_type_id,<,16,cast_info.role_id,>,1,title.imdb_index,=,0,title.phonetic_code,<,1484,title.series_years,>,0#79286503
movie_info,movie_keyword,cast_info,title#title.id=movie_info.movie_id,title.id=movie_keyword.movie_id,title.id=cast_info.movie_id#movie_info.info_type_id,>,2,movie_keyword.keyword_id,>,950,title.season_nr,=,0,title.series_years,>,0,title.kind_id,>,1,title.phonetic_code,>,17182#15536604
movie_info,movie_keyword,movie_companies,cast_info,title#title.id=movie_info.movie_id,title.id=movie_keyword.movie_id,title.id=movie_companies.movie_id,title.id=cast_info.movie_id#movie_info.info_type_id,<,47,movie_companies.company_type_id,>,1,cast_info.role_id,=,10,title.imdb_index,=,0,title.phonetic_code,<,8349,title.production_year,>,117#9112199341
movie_companies,movie_info,title#title.id=movie_companies.movie_id,title.id=movie_info.movie_id#movie_companies.company_type_id,>,1,movie_info.info_type_id,<,103,title.production_year,<,73,title.imdb_index,=,0,title.season_nr,=,2,title.episode_nr,>,16#21824
movie_keyword,movie_info,movie_companies,title#title.id=movie_keyword.movie_id,title.id=movie_info.movie_id,title.id=movie_companies.movie_id#movie_keyword.keyword_id,<,27150,movie_info.info_type_id,>,2,title.kind_id,<,4,title.season_nr,=,0,title.imdb_index,=,0,title.phonetic_code,>,14447#1222586313
movie_info,movie_keyword,movie_companies,title#title.id=movie_info.movie_id,title.id=movie_keyword.movie_id,title.id=movie_companies.movie_id#movie_info.info_type_id,<,105,movie_keyword.keyword_id,<,57369,movie_companies.company_type_id,=,1,title.season_nr,<,1,title.production_year,>,119,title.episode_nr,<,8#901164508
cast_info,movie_companies,movie_info_idx,movie_keyword,title#title.id=cast_info.movie_id,title.id=movie_companies.movie_id,title.id=movie_info_idx.movie_id,title.id=movie_keyword.movie_id#cast_info.nr_order,>,1,movie_keyword.keyword_id,>,745,title.series_years,>,0,title.phonetic_code,<,12477,title.production_year,<,123,title.episode_nr,<,13#3600174
movie_keyword,movie_info,cast_info,title#title.id=movie_keyword.movie_id,title.id=movie_info.movie_id,title.id=cast_info.movie_id#movie_keyword.keyword_id,<,63591,movie_info.info_type_id,<,16,cast_info.role_id,<,5,title.series_years,>,1336,title.production_year,>,117,title.phonetic_code,>,10213#2312831
movie_keyword,movie_info_idx,movie_companies,title#title.id=movie_keyword.movie_id,title.id=movie_info_idx.movie_id,title.id=movie_companies.movie_id#movie_keyword.keyword_id,<,130892,movie_info_idx.info_type_id,=,100,movie_companies.company_type_id,>,1,title.episode_nr,>,0,title.season_nr,>,0,title.phonetic_code,>,18430#39988
movie_keyword,movie_info,cast_info,movie_companies,title#title.id=movie_keyword.movie_id,title.id=movie_info.movie_id,title.id=cast_info.movie_id,title.id=movie_companies.movie_id#movie_keyword.keyword_id,<,26443,movie_info.info_type_id,>,2,cast_info.role_id,>,1,title.episode_nr,>,0,title.phonetic_code,>,2079,title.production_year,<,107#63262474
movie_info_idx,movie_info,movie_keyword,movie_companies,title#title.id=movie_info_idx.movie_id,title.id=movie_info.movie_id,title.id=movie_keyword.movie_id,title.id=movie_companies.movie_id#movie_info_idx.info_type_id,<,101,movie_companies.company_type_id,<,2,title.kind_id,=,1,title.phonetic_code,<,19409,title.production_year,>,115,title.imdb_index,=,0#3501423176
movie_info_idx,movie_info,cast_info,movie_keyword,title#title.id=movie_info_idx.movie_id,title.id=movie_info.movie_id,title.id=cast_info.movie_id,title.id=movie_keyword.movie_id#movie_info_idx.info_type_id,<,101,movie_info.info_type_id,<,18,title.imdb_index,=,0,title.phonetic_code,>,6737,title.production_year,>,126,title.series_years,>,0#24086
movie_keyword,movie_info_idx,cast_info,title#title.id=movie_keyword.movie_id,title.id=movie_info_idx.movie_id,title.id=cast_info.movie_id#movie_keyword.keyword_id,<,113958,movie_info_idx.info_type_id,>,99,cast_info.role_id,=,4,title.production_year,>,126,title.phonetic_code,<,18261,title.episode_nr,>,0#25606
movie_keyword,movie_info,movie_companies,movie_info_idx,title#title.id=movie_keyword.movie_id,title.id=movie_info.movie_id,title.id=movie_companies.movie_id,title.id=movie_info_idx.movie_id#movie_info.info_type_id,<,107,movie_companies.company_type_id,<,2,movie_info_idx.info_type_id,<,101,title.phonetic_code,>,5428,title.production_year,>,94,title.season_nr,>,3#5084352
movie_info,movie_companies,movie_keyword,title#title.id=movie_info.movie_id,title.id=movie_companies.movie_id,title.id=movie_keyword.movie_id#movie_info.info_type_id,>,1,movie_companies.company_type_id,=,2,title.imdb_index,=,0,title.kind_id,=,7,title.season_nr,<,1,title.phonetic_code,>,21757#1181
movie_info_idx,movie_info,movie_keyword,cast_info,title#title.id=movie_info_idx.movie_id,title.id=movie_info.movie_id,title.id=movie_keyword.movie_id,title.id=cast_info.movie_id#movie_info_idx.info_type_id,>,99,cast_info.nr_order,>,1,title.kind_id,<,7,title.season_nr,<,2,title.production_year,>,120,title.imdb_index,>,0#241819114
movie_keyword,movie_companies,movie_info,movie_info_idx,title#title.id=movie_keyword.movie_id,title.id=movie_companies.movie_id,title.id=movie_info.movie_id,title.id=movie_info_idx.movie_id#movie_keyword.keyword_id,<,78368,movie_companies.company_type_id,>,1,movie_info_idx.info_type_id,=,99,title.episode_nr,<,11,title.season_nr,>,15,title.phonetic_code,<,11926#51484
movie_keyword,cast_info,movie_companies,movie_info_idx,title#title.id=movie_keyword.movie_id,title.id=cast_info.movie_id,title.id=movie_companies.movie_id,title.id=movie_info_idx.movie_id#movie_keyword.keyword_id,<,91452,cast_info.role_id,<,10,title.phonetic_code,<,17310,title.season_nr,<,6,title.episode_nr,<,38,title.series_years,>,0#29548266
cast_info,movie_info_idx,movie_info,movie_companies,title#title.id=cast_info.movie_id,title.id=movie_info_idx.movie_id,title.id=movie_info.movie_id,title.id=movie_companies.movie_id#cast_info.nr_order,>,1,movie_info_idx.info_type_id,<,101,movie_info.info_type_id,>,1,movie_companies.company_type_id,>,1,title.phonetic_code,<,2788,title.season_nr,>,2#5352244
movie_info,movie_keyword,movie_info_idx,movie_companies,title#title.id=movie_info.movie_id,title.id=movie_keyword.movie_id,title.id=movie_info_idx.movie_id,title.id=movie_companies.movie_id#movie_keyword.keyword_id,>,18,movie_info_idx.info_type_id,>,99,movie_companies.company_type_id,>,1,title.season_nr,=,0,title.production_year,<,122,title.phonetic_code,>,16239#294418964
cast_info,movie_info,movie_info_idx,title#title.id=cast_info.movie_id,title.id=movie_info.movie_id,title.id=movie_info_idx.movie_id#cast_info.nr_order,>,3,movie_info.info_type_id,>,16,title.production_year,>,70,title.season_nr,=,0,title.kind_id,=,7,title.episode_nr,<,20#17280
movie_keyword,cast_info,title#title.id=movie_keyword.movie_id,title.id=cast_info.movie_id#movie_keyword.keyword_id,>,117,cast_info.role_id,<,10,title.production_year,<,113,title.phonetic_code,>,9807,title.imdb_index,=,0,title.episode_nr,<,26#38598433
cast_info,movie_keyword,movie_info,title#title.id=cast_info.movie_id,title.id=movie_keyword.movie_id,title.id=movie_info.movie_id#movie_keyword.keyword_id,<,54979,movie_info.info_type_id,<,8,title.episode_nr,>,0,title.season_nr,>,0,title.phonetic_code,<,19011,title.series_years,>,0#7425
movie_keyword,movie_companies,cast_info,title#title.id=movie_keyword.movie_id,title.id=movie_companies.movie_id,title.id=cast_info.movie_id#movie_keyword.keyword_id,>,335,movie_companies.company_type_id,<,2,cast_info.role_id,>,1,title.phonetic_code,>,3125,title.episode_nr,>,0,title.kind_id,>,1#24926170
movie_info_idx,movie_info,cast_info,movie_companies,title#title.id=movie_info_idx.movie_id,title.id=movie_info.movie_id,title.id=cast_info.movie_id,title.id=movie_companies.movie_id#movie_info_idx.info_type_id,<,101,movie_info.info_type_id,<,18,cast_info.role_id,=,8,movie_companies.company_type_id,=,1,title.kind_id,=,7,title.episode_nr,>,7#2200080
movie_info_idx,movie_companies,movie_keyword,cast_info,title#title.id=movie_info_idx.movie_id,title.id=movie_companies.movie_id,title.id=movie_keyword.movie_id,title.id=cast_info.movie_id#movie_info_idx.info_type_id,<,101,movie_keyword.keyword_id,<,74422,title.season_nr,=,0,title.production_year,>,97,title.phonetic_code,<,16717,title.imdb_index,>,0#139850612
movie_keyword,movie_info,cast_info,movie_info_idx,title#title.id=movie_keyword.movie_id,title.id=movie_info.movie_id,title.id=cast_info.movie_id,title.id=movie_info_idx.movie_id#movie_keyword.keyword_id,>,347,cast_info.role_id,=,1,movie_info_idx.info_type_id,<,101,title.kind_id,>,1,title.season_nr,>,0,title.episode_nr,>,0#135770378
cast_info,movie_companies,movie_keyword,movie_info,title#title.id=cast_info.movie_id,title.id=movie_companies.movie_id,title.id=movie_keyword.movie_id,title.id=movie_info.movie_id#movie_companies.company_type_id,<,2,movie_info.info_type_id,<,18,title.production_year,>,124,title.imdb_index,=,0,title.phonetic_code,<,3991,title.kind_id,>,1#63574044
movie_info_idx,cast_info,title#title.id=movie_info_idx.movie_id,title.id=cast_info.movie_id#movie_info_idx.info_type_id,<,101,cast_info.nr_order,<,14,title.season_nr,=,2,title.production_year,<,103,title.phonetic_code,<,16066,title.episode_nr,<,12#51262
cast_info,movie_companies,movie_info,movie_info_idx,title#title.id=cast_info.movie_id,title.id=movie_companies.movie_id,title.id=movie_info.movie_id,title.id=movie_info_idx.movie_id#cast_info.role_id,<,10,movie_info_idx.info_type_id,=,99,title.phonetic_code,<,10429,title.season_nr,=,0,title.imdb_index,>,0,title.series_years,>,0#96731
movie_keyword,movie_info_idx,cast_info,movie_companies,title#title.id=movie_keyword.movie_id,title.id=movie_info_idx.movie_id,title.id=cast_info.movie_id,title.id=movie_companies.movie_id#movie_info_idx.info_type_id,>,99,cast_info.nr_order,<,19,title.episode_nr,<,5,title.production_year,>,124,title.phonetic_code,<,7359,title.season_nr,>,6#45722
movie_info_idx,cast_info,movie_keyword,movie_companies,title#title.id=movie_info_idx.movie_id,title.id=cast_info.movie_id,title.id=movie_keyword.movie_id,title.id=movie_companies.movie_id#movie_info_idx.info_type_id,=,100,cast_info.nr_order,>,1,title.season_nr,<,2,title.kind_id,>,1,title.episode_nr,<,127,title.phonetic_code,<,20806#50063034
movie_keyword,movie_companies,cast_info,movie_info,title#title.id=movie_keyword.movie_id,title.id=movie_companies.movie_id,title.id=cast_info.movie_id,title.id=movie_info.movie_id#movie_keyword.keyword_id,>,348,movie_companies.company_type_id,>,1,cast_info.nr_order,<,46,title.imdb_index,=,0,title.season_nr,=,0,title.kind_id,>,1#490354300
cast_info,movie_info_idx,movie_info,movie_keyword,title#title.id=cast_info.movie_id,title.id=movie_info_idx.movie_id,title.id=movie_info.movie_id,title.id=movie_keyword.movie_id#cast_info.role_id,<,10,movie_info.info_type_id,>,1,movie_keyword.keyword_id,>,110,title.kind_id,>,3,title.production_year,<,125,title.episode_nr,>,0#475341759
movie_info,movie_info_idx,cast_info,movie_keyword,title#title.id=movie_info.movie_id,title.id=movie_info_idx.movie_id,title.id=cast_info.movie_id,title.id=movie_keyword.movie_id#movie_info.info_type_id,>,2,movie_info_idx.info_type_id,<,101,cast_info.nr_order,<,18,title.imdb_index,=,0,title.production_year,>,67,title.episode_nr,<,6773#6776665450
cast_info,movie_keyword,movie_info,movie_info_idx,title#title.id=cast_info.movie_id,title.id=movie_keyword.movie_id,title.id=movie_info.movie_id,title.id=movie_info_idx.movie_id#cast_info.role_id,>,1,movie_info.info_type_id,<,16,title.production_year,>,83,title.phonetic_code,>,0,title.episode_nr,>,0,title.series_years,<,1281#333617505
movie_info,movie_companies,title#title.id=movie_info.movie_id,title.id=movie_companies.movie_id#movie_info.info_type_id,<,17,movie_companies.company_type_id,<,2,title.imdb_index,>,0,title.series_years,>,0,title.phonetic_code,<,3015,title.production_year,<,118#948
movie_info_idx,movie_keyword,cast_info,movie_info,title#title.id=movie_info_idx.movie_id,title.id=movie_keyword.movie_id,title.id=cast_info.movie_id,title.id=movie_info.movie_id#movie_keyword.keyword_id,>,335,cast_info.role_id,=,1,movie_info.info_type_id,>,5,title.kind_id,>,1,title.production_year,<,78,title.season_nr,=,0#6705162
movie_companies,movie_info,movie_keyword,title#title.id=movie_companies.movie_id,title.id=movie_info.movie_id,title.id=movie_keyword.movie_id#movie_companies.company_type_id,<,2,movie_info.info_type_id,>,5,movie_keyword.keyword_id,<,35125,title.phonetic_code,<,3798,title.kind_id,>,1,title.imdb_index,=,0#26573479
cast_info,movie_info,movie_info_idx,title#title.id=cast_info.movie_id,title.id=movie_info.movie_id,title.id=movie_info_idx.movie_id#cast_info.nr_order,<,21,movie_info.info_type_id,>,1,movie_info_idx.info_type_id,>,99,title.season_nr,=,0,title.series_years,>,0,title.imdb_index,>,0#6822
movie_companies,movie_info_idx,title#title.id=movie_companies.movie_id,title.id=movie_info_idx.movie_id#movie_companies.company_type_id,=,1,movie_info_idx.info_type_id,>,99,title.season_nr,=,1,title.imdb_index,=,0,title.production_year,<,70,title.phonetic_code,<,2962#434
movie_companies,cast_info,movie_keyword,title#title.id=movie_companies.movie_id,title.id=cast_info.movie_id,title.id=movie_keyword.movie_id#movie_companies.company_type_id,>,1,cast_info.role_id,<,3,title.season_nr,<,3,title.imdb_index,=,0,title.production_year,<,125,title.kind_id,=,7#6855518
movie_info_idx,movie_companies,movie_keyword,cast_info,title#title.id=movie_info_idx.movie_id,title.id=movie_companies.movie_id,title.id=movie_keyword.movie_id,title.id=cast_info.movie_id#movie_info_idx.info_type_id,>,99,movie_companies.company_type_id,<,2,movie_keyword.keyword_id,<,26870,cast_info.nr_order,>,0,title.kind_id,>,1,title.episode_nr,>,0#27836062
movie_companies,cast_info,movie_info,movie_info_idx,title#title.id=movie_companies.movie_id,title.id=cast_info.movie_id,title.id=movie_info.movie_id,title.id=movie_info_idx.movie_id#movie_companies.company_type_id,>,1,movie_info.info_type_id,>,2,movie_info_idx.info_type_id,=,99,title.production_year,<,118,title.imdb_index,=,0,title.season_nr,>,0#30946793
movie_info,cast_info,movie_keyword,title#title.id=movie_info.movie_id,title.id=cast_info.movie_id,title.id=movie_keyword.movie_id#movie_info.info_type_id,<,16,movie_keyword.keyword_id,<,434,title.imdb_index,=,0,title.series_years,>,0,title.season_nr,=,0,title.phonetic_code,<,6512#6522497
movie_companies,cast_info,movie_info_idx,movie_info,title#title.id=movie_companies.movie_id,title.id=cast_info.movie_id,title.id=movie_info_idx.movie_id,title.id=movie_info.movie_id#movie_companies.company_type_id,>,1,cast_info.nr_order,<,45,movie_info_idx.info_type_id,>,99,movie_info.info_type_id,<,98,title.imdb_index,=,0,title.production_year,<,94#74490703
movie_keyword,movie_info,cast_info,movie_companies,title#title.id=movie_keyword.movie_id,title.id=movie_info.movie_id,title.id=cast_info.movie_id,title.id=movie_companies.movie_id#movie_keyword.keyword_id,>,245,movie_info.info_type_id,<,107,cast_info.nr_order,>,1,movie_companies.company_type_id,>,1,title.phonetic_code,>,11390,title.kind_id,>,3#165599126
movie_info_idx,movie_info,movie_keyword,cast_info,title#title.id=movie_info_idx.movie_id,title.id=movie_info.movie_id,title.id=movie_keyword.movie_id,title.id=cast_info.movie_id#movie_info_idx.info_type_id,=,101,movie_info.info_type_id,<,16,movie_keyword.keyword_id,<,2988,cast_info.role_id,>,1,title.production_year,<,93,title.series_years,>,0#4269034
movie_companies,movie_info,movie_keyword,title#title.id=movie_companies.movie_id,title.id=movie_info.movie_id,title.id=movie_keyword.movie_id#movie_info.info_type_id,>,1,movie_keyword.keyword_id,<,53422,title.phonetic_code,<,3182,title.imdb_index,>,0,title.series_years,>,0,title.season_nr,<,10#44066
movie_info,movie_companies,movie_keyword,title#title.id=movie_info.movie_id,title.id=movie_companies.movie_id,title.id=movie_keyword.movie_id#movie_info.info_type_id,<,103,movie_companies.company_type_id,<,2,title.series_years,>,0,title.production_year,<,122,title.imdb_index,>,0,title.phonetic_code,>,5789#259552
movie_companies,movie_info_idx,movie_info,movie_keyword,title#title.id=movie_companies.movie_id,title.id=movie_info_idx.movie_id,title.id=movie_info.movie_id,title.id=movie_keyword.movie_id#movie_companies.company_type_id,<,2,movie_info.info_type_id,>,1,title.kind_id,=,7,title.episode_nr,<,41,title.production_year,>,111,title.phonetic_code,>,0#40521492
movie_keyword,movie_info,cast_info,movie_companies,title#title.id=movie_keyword.movie_id,title.id=movie_info.movie_id,title.id=cast_info.movie_id,title.id=movie_companies.movie_id#movie_info.info_type_id,<,77,cast_info.role_id,>,1,movie_companies.company_type_id,<,2,title.phonetic_code,<,7266,title.production_year,<,60,title.kind_id,>,1#444197
cast_info,movie_companies,movie_keyword,movie_info,title#title.id=cast_info.movie_id,title.id=movie_companies.movie_id,title.id=movie_keyword.movie_id,title.id=movie_info.movie_id#movie_companies.company_type_id,=,2,movie_info.info_type_id,>,1,title.production_year,<,40,title.series_years,>,0,title.imdb_index,=,0,title.phonetic_code,>,5929#3763
movie_info_idx,movie_keyword,title#title.id=movie_info_idx.movie_id,title.id=movie_keyword.movie_id#movie_info_idx.info_type_id,<,101,movie_keyword.keyword_id,>,3,title.season_nr,>,0,title.production_year,>,99,title.episode_nr,>,0,title.kind_id,>,2#576742
movie_keyword,movie_companies,cast_info,movie_info,title#title.id=movie_keyword.movie_id,title.id=movie_companies.movie_id,title.id=cast_info.movie_id,title.id=movie_info.movie_id#cast_info.nr_order,>,1,movie_info.info_type_id,<,103,title.imdb_index,=,0,title.kind_id,>,1,title.phonetic_code,>,5793,title.production_year,<,51#175664
movie_keyword,movie_info_idx,movie_info,title#title.id=movie_keyword.movie_id,title.id=movie_info_idx.movie_id,title.id=movie_info.movie_id#movie_keyword.keyword_id,<,75662,movie_info.info_type_id,>,3,title.phonetic_code,>,1478,title.kind_id,>,1,title.production_year,>,80,title.series_years,>,0#11967027
cast_info,movie_info_idx,movie_companies,title#title.id=cast_info.movie_id,title.id=movie_info_idx.movie_id,title.id=movie_companies.movie_id#movie_info_idx.info_type_id,<,101,movie_companies.company_type_id,=,1,title.season_nr,>,2,title.phonetic_code,<,14087,title.production_year,>,114,title.episode_nr,<,11#1803532
cast_info,movie_keyword,movie_info,movie_companies,title#title.id=cast_info.movie_id,title.id=movie_keyword.movie_id,title.id=movie_info.movie_id,title.id=movie_companies.movie_id#movie_keyword.keyword_id,>,359,movie_info.info_type_id,>,2,title.series_years,>,0,title.episode_nr,<,81,title.imdb_index,>,0,title.season_nr,<,4#4166621
movie_info_idx,movie_companies,cast_info,movie_info,title#title.id=movie_info_idx.movie_id,title.id=movie_companies.movie_id,title.id=cast_info.movie_id,title.id=movie_info.movie_id#movie_info_idx.info_type_id,<,101,movie_companies.company_type_id,>,1,cast_info.role_id,>,1,title.phonetic_code,>,822,title.imdb_index,=,0,title.kind_id,>,1#215008558
cast_info,movie_info,movie_info_idx,title#title.id=cast_info.movie_id,title.id=movie_info.movie_id,title.id=movie_info_idx.movie_id#cast_info.role_id,=,1,movie_info_idx.info_type_id,<,101,title.phonetic_code,<,14097,title.season_nr,=,0,title.production_year,>,88,title.kind_id,>,1#16123722
cast_info,movie_companies,movie_keyword,title#title.id=cast_info.movie_id,title.id=movie_companies.movie_id,title.id=movie_keyword.movie_id#cast_info.role_id,>,1,movie_companies.company_type_id,>,1,title.kind_id,<,7,title.production_year,>,98,title.series_years,>,0,title.episode_nr,<,58#4286213
movie_companies,movie_keyword,movie_info_idx,title#title.id=movie_companies.movie_id,title.id=movie_keyword.movie_id,title.id=movie_info_idx.movie_id#movie_companies.company_type_id,>,1,movie_keyword.keyword_id,<,7281,movie_info_idx.info_type_id,>,99,title.imdb_index,=,2,title.production_year,>,125,title.phonetic_code,>,1454#1182
movie_companies,movie_info_idx,movie_info,movie_keyword,title#title.id=movie_companies.movie_id,title.id=movie_info_idx.movie_id,title.id=movie_info.movie_id,title.id=movie_keyword.movie_id#movie_companies.company_type_id,>,1,movie_info.info_type_id,<,107,title.kind_id,>,1,title.season_nr,>,0,title.episode_nr,<,9302,title.series_years,<,627#31166382
movie_info,cast_info,title#title.id=movie_info.movie_id,title.id=cast_info.movie_id#movie_info.info_type_id,<,98,cast_info.role_id,>,1,title.production_year,>,106,title.kind_id,=,7,title.imdb_index,=,0,title.series_years,>,0#401
movie_info,movie_keyword,cast_info,movie_info_idx,title#title.id=movie_info.movie_id,title.id=movie_keyword.movie_id,title.id=cast_info.movie_id,title.id=movie_info_idx.movie_id#movie_info.info_type_id,<,18,cast_info.nr_order,<,31,title.season_nr,=,0,title.kind_id,>,3,title.production_year,>,95,title.phonetic_code,<,11919#175640418
cast_info,movie_keyword,movie_companies,title#title.id=cast_info.movie_id,title.id=movie_keyword.movie_id,title.id=movie_companies.movie_id#cast_info.nr_order,<,31,movie_keyword.keyword_id,<,34960,title.phonetic_code,>,0,title.imdb_index,=,0,title.production_year,>,77,title.season_nr,>,0#23164863
movie_keyword,movie_companies,cast_info,title#title.id=movie_keyword.movie_id,title.id=movie_companies.movie_id,title.id=cast_info.movie_id#movie_keyword.keyword_id,<,12265,movie_companies.company_type_id,>,1,title.production_year,>,114,title.phonetic_code,>,0,title.series_years,>,0,title.season_nr,<,3#2033867
movie_info,movie_info_idx,movie_companies,cast_info,title#title.id=movie_info.movie_id,title.id=movie_info_idx.movie_id,title.id=movie_companies.movie_id,title.id=cast_info.movie_id#movie_companies.company_type_id,<,2,cast_info.role_id,>,1,title.imdb_index,=,0,title.kind_id,=,3,title.production_year,>,93,title.phonetic_code,<,10635#42886137
movie_keyword,movie_info_idx,movie_info,cast_info,title#title.id=movie_keyword.movie_id,title.id=movie_info_idx.movie_id,title.id=movie_info.movie_id,title.id=cast_info.movie_id#movie_keyword.keyword_id,>,924,movie_info.info_type_id,<,94,title.kind_id,>,1,title.phonetic_code,>,1927,title.season_nr,=,0,title.production_year,<,64#328692
movie_companies,movie_info,movie_keyword,cast_info,title#title.id=movie_companies.movie_id,title.id=movie_info.movie_id,title.id=movie_keyword.movie_id,title.id=cast_info.movie_id#movie_companies.company_type_id,=,1,movie_keyword.keyword_id,<,85206,cast_info.nr_order,<,1000,title.episode_nr,>,0,title.production_year,<,114,title.phonetic_code,>,1579#62889524
movie_keyword,cast_info,movie_info,movie_companies,title#title.id=movie_keyword.movie_id,title.id=cast_info.movie_id,title.id=movie_info.movie_id,title.id=movie_companies.movie_id#movie_info.info_type_id,<,98,movie_companies.company_type_id,<,2,title.phonetic_code,<,217,title.imdb_index,>,0,title.production_year,<,110,title.episode_nr,<,7#513423
cast_info,movie_keyword,movie_info_idx,movie_companies,title#title.id=cast_info.movie_id,title.id=movie_keyword.movie_id,title.id=movie_info_idx.movie_id,title.id=movie_companies.movie_id#cast_info.nr_order,<,1004,movie_companies.company_type_id,<,2,title.production_year,<,118,title.imdb_index,=,0,title.phonetic_code,>,4414,title.season_nr,>,0#9120528
movie_info_idx,movie_info,movie_companies,cast_info,title#title.id=movie_info_idx.movie_id,title.id=movie_info.movie_id,title.id=movie_companies.movie_id,title.id=cast_info.movie_id#movie_info.info_type_id,>,2,movie_companies.company_type_id,<,2,cast_info.nr_order,>,0,title.episode_nr,>,4,title.imdb_index,=,0,title.production_year,>,124#10856046
cast_info,movie_info,movie_keyword,title#title.id=cast_info.movie_id,title.id=movie_info.movie_id,title.id=movie_keyword.movie_id#movie_info.info_type_id,>,1,movie_keyword.keyword_id,>,373,title.series_years,>,0,title.phonetic_code,<,7359,title.production_year,<,120,title.episode_nr,>,0#12209
cast_info,movie_keyword,movie_companies,movie_info,title#title.id=cast_info.movie_id,title.id=movie_keyword.movie_id,title.id=movie_companies.movie_id,title.id=movie_info.movie_id#cast_info.nr_order,>,2,movie_info.info_type_id,>,2,title.phonetic_code,<,14595,title.imdb_index,>,0,title.season_nr,<,1,title.kind_id,<,7#3293478349
cast_info,movie_info_idx,movie_keyword,movie_companies,title#title.id=cast_info.movie_id,title.id=movie_info_idx.movie_id,title.id=movie_keyword.movie_id,title.id=movie_companies.movie_id#movie_info_idx.info_type_id,>,99,movie_keyword.keyword_id,>,7,movie_companies.company_type_id,=,2,title.production_year,<,73,title.phonetic_code,>,3667,title.season_nr,>,0#268622
movie_info,movie_keyword,movie_info_idx,title#title.id=movie_info.movie_id,title.id=movie_keyword.movie_id,title.id=movie_info_idx.movie_id#movie_info.info_type_id,<,18,movie_keyword.keyword_id,<,105765,title.production_year,<,77,title.season_nr,=,0,title.imdb_index,>,0,title.phonetic_code,>,7774#112608
cast_info,movie_keyword,movie_info_idx,movie_companies,title#title.id=cast_info.movie_id,title.id=movie_keyword.movie_id,title.id=movie_info_idx.movie_id,title.id=movie_companies.movie_id#movie_keyword.keyword_id,<,31010,movie_info_idx.info_type_id,>,99,movie_companies.company_type_id,>,1,title.phonetic_code,<,672,title.season_nr,=,0,title.imdb_index,>,0#2074850
movie_companies,cast_info,movie_info,title#title.id=movie_companies.movie_id,title.id=cast_info.movie_id,title.id=movie_info.movie_id#movie_companies.company_type_id,<,2,movie_info.info_type_id,>,2,title.production_year,<,106,title.imdb_index,=,0,title.episode_nr,<,3,title.season_nr,<,2#964084394
movie_keyword,movie_companies,movie_info_idx,title#title.id=movie_keyword.movie_id,title.id=movie_companies.movie_id,title.id=movie_info_idx.movie_id#movie_companies.company_type_id,=,2,movie_info_idx.info_type_id,=,101,title.imdb_index,=,0,title.production_year,<,116,title.phonetic_code,>,3191,title.season_nr,<,1#2778130
movie_keyword,movie_info,cast_info,movie_info_idx,title#title.id=movie_keyword.movie_id,title.id=movie_info.movie_id,title.id=cast_info.movie_id,title.id=movie_info_idx.movie_id#movie_keyword.keyword_id,<,130736,movie_info.info_type_id,<,8,cast_info.role_id,>,2,title.production_year,>,0,title.series_years,>,0,title.season_nr,=,0#50283579
cast_info,movie_companies,movie_info_idx,title#title.id=cast_info.movie_id,title.id=movie_companies.movie_id,title.id=movie_info_idx.movie_id#cast_info.nr_order,>,3,movie_companies.company_type_id,=,2,movie_info_idx.info_type_id,<,101,title.kind_id,>,1,title.episode_nr,>,0,title.production_year,>,121#1156584
movie_companies,movie_info_idx,title#title.id=movie_companies.movie_id,title.id=movie_info_idx.movie_id#movie_companies.company_type_id,=,2,movie_info_idx.info_type_id,>,99,title.episode_nr,>,1,title.imdb_index,=,0,title.phonetic_code,>,12423,title.production_year,<,91#16952
movie_companies,cast_info,movie_info,movie_info_idx,title#title.id=movie_companies.movie_id,title.id=cast_info.movie_id,title.id=movie_info.movie_id,title.id=movie_info_idx.movie_id#movie_companies.company_type_id,=,1,cast_info.role_id,=,5,movie_info.info_type_id,>,1,title.production_year,>,120,title.season_nr,=,0,title.phonetic_code,>,1922#24120827
movie_keyword,movie_info,movie_companies,cast_info,title#title.id=movie_keyword.movie_id,title.id=movie_info.movie_id,title.id=movie_companies.movie_id,title.id=cast_info.movie_id#movie_keyword.keyword_id,<,45921,movie_info.info_type_id,>,2,cast_info.role_id,>,2,title.imdb_index,=,0,title.production_year,<,120,title.season_nr,>,0#253075845
movie_info_idx,cast_info,movie_companies,movie_keyword,title#title.id=movie_info_idx.movie_id,title.id=cast_info.movie_id,title.id=movie_companies.movie_id,title.id=movie_keyword.movie_id#movie_info_idx.info_type_id,<,101,cast_info.role_id,>,1,title.production_year,>,0,title.season_nr,=,0,title.kind_id,<,7,title.phonetic_code,>,0#3971991954
cast_info,movie_companies,movie_keyword,title#title.id=cast_info.movie_id,title.id=movie_companies.movie_id,title.id=movie_keyword.movie_id#cast_info.nr_order,<,17,movie_companies.company_type_id,<,2,title.kind_id,=,4,title.episode_nr,<,105,title.phonetic_code,<,20505,title.production_year,<,126#5039704
cast_info,movie_info_idx,movie_keyword,movie_info,title#title.id=cast_info.movie_id,title.id=movie_info_idx.movie_id,title.id=movie_keyword.movie_id,title.id=movie_info.movie_id#cast_info.role_id,=,2,movie_info.info_type_id,<,17,title.imdb_index,=,0,title.production_year,<,116,title.kind_id,>,4,title.phonetic_code,>,19023#2019903
movie_info_idx,movie_info,movie_keyword,cast_info,title#title.id=movie_info_idx.movie_id,title.id=movie_info.movie_id,title.id=movie_keyword.movie_id,title.id=cast_info.movie_id#movie_info_idx.info_type_id,>,99,movie_keyword.keyword_id,>,1,cast_info.role_id,=,6,title.production_year,<,108,title.kind_id,=,3,title.phonetic_code,<,20849#2578176
movie_companies,movie_info_idx,title#title.id=movie_companies.movie_id,title.id=movie_info_idx.movie_id#movie_companies.company_type_id,<,2,movie_info_idx.info_type_id,<,101,title.kind_id,>,1,title.phonetic_code,<,11917,title.imdb_index,>,0,title.series_years,>,0#530
movie_info_idx,cast_info,movie_companies,movie_keyword,title#title.id=movie_info_idx.movie_id,title.id=cast_info.movie_id,title.id=movie_companies.movie_id,title.id=movie_keyword.movie_id#movie_info_idx.info_type_id,<,101,cast_info.nr_order,>,1,movie_companies.company_type_id,>,1,title.production_year,>,112,title.kind_id,<,7,title.episode_nr,<,3#272124932
movie_companies,cast_info,title#title.id=movie_companies.movie_id,title.id=cast_info.movie_id#movie_companies.company_type_id,=,2,cast_info.role_id,>,4,title.imdb_index,>,0,title.season_nr,=,0,title.kind_id,>,1,title.phonetic_code,>,20131#483
movie_info,movie_keyword,movie_info_idx,title#title.id=movie_info.movie_id,title.id=movie_keyword.movie_id,title.id=movie_info_idx.movie_id#movie_info.info_type_id,>,2,movie_keyword.keyword_id,<,46064,title.season_nr,=,0,title.imdb_index,>,0,title.kind_id,>,1,title.phonetic_code,>,7487#84642
movie_info_idx,movie_companies,cast_info,title#title.id=movie_info_idx.movie_id,title.id=movie_companies.movie_id,title.id=cast_info.movie_id#movie_info_idx.info_type_id,<,101,movie_companies.company_type_id,=,1,cast_info.role_id,=,7,title.phonetic_code,>,15678,title.season_nr,<,5,title.kind_id,<,7#180956
movie_info_idx,cast_info,movie_keyword,title#title.id=movie_info_idx.movie_id,title.id=cast_info.movie_id,title.id=movie_keyword.movie_id#cast_info.nr_order,<,38,movie_keyword.keyword_id,<,13000,title.kind_id,=,7,title.production_year,>,121,title.phonetic_code,<,7803,title.episode_nr,<,2#227217
movie_keyword,cast_info,movie_info,title#title.id=movie_keyword.movie_id,title.id=cast_info.movie_id,title.id=movie_info.movie_id#movie_keyword.keyword_id,>,117,movie_info.info_type_id,<,16,title.kind_id,=,7,title.phonetic_code,>,8694,title.production_year,>,116,title.episode_nr,<,13#42474715
movie_info,movie_companies,cast_info,title#title.id=movie_info.movie_id,title.id=movie_companies.movie_id,title.id=cast_info.movie_id#movie_info.info_type_id,<,98,movie_companies.company_type_id,=,2,title.imdb_index,>,0,title.production_year,<,112,title.phonetic_code,>,1446,title.season_nr,=,0#803816
movie_companies,movie_info,movie_keyword,movie_info_idx,title#title.id=movie_companies.movie_id,title.id=movie_info.movie_id,title.id=movie_keyword.movie_id,title.id=movie_info_idx.movie_id#movie_companies.company_type_id,>,1,movie_info.info_type_id,<,16,title.imdb_index,=,0,title.phonetic_code,>,0,title.episode_nr,>,0,title.production_year,<,125#16140522
movie_info_idx,movie_companies,title#title.id=movie_info_idx.movie_id,title.id=movie_companies.movie_id#movie_info_idx.info_type_id,<,101,movie_companies.company_type_id,<,2,title.season_nr,=,1,title.phonetic_code,<,5424,title.episode_nr,>,5,title.imdb_index,=,0#23746
movie_companies,movie_info,movie_info_idx,title#title.id=movie_companies.movie_id,title.id=movie_info.movie_id,title.id=movie_info_idx.movie_id#movie_info.info_type_id,>,2,movie_info_idx.info_type_id,>,99,title.phonetic_code,<,16973,title.production_year,>,120,title.kind_id,=,1,title.imdb_index,=,0#17639287
movie_keyword,cast_info,movie_info,title#title.id=movie_keyword.movie_id,title.id=cast_info.movie_id,title.id=movie_info.movie_id#cast_info.role_id,>,1,movie_info.info_type_id,<,16,title.kind_id,=,7,title.production_year,>,126,title.phonetic_code,>,11256,title.season_nr,<,1#288
movie_info_idx,movie_keyword,cast_info,movie_info,title#title.id=movie_info_idx.movie_id,title.id=movie_keyword.movie_id,title.id=cast_info.movie_id,title.id=movie_info.movie_id#movie_info_idx.info_type_id,<,101,movie_keyword.keyword_id,>,1,cast_info.nr_order,<,6,title.phonetic_code,<,4679,title.imdb_index,>,0,title.series_years,>,0#12468
movie_info_idx,movie_companies,movie_keyword,title#title.id=movie_info_idx.movie_id,title.id=movie_companies.movie_id,title.id=movie_keyword.movie_id#movie_info_idx.info_type_id,<,101,movie_companies.company_type_id,<,2,title.phonetic_code,<,20997,title.series_years,>,0,title.season_nr,=,0,title.imdb_index,>,0#8828
movie_info,movie_keyword,cast_info,movie_info_idx,title#title.id=movie_info.movie_id,title.id=movie_keyword.movie_id,title.id=cast_info.movie_id,title.id=movie_info_idx.movie_id#movie_keyword.keyword_id,<,59724,cast_info.role_id,>,1,movie_info_idx.info_type_id,=,100,title.phonetic_code,>,5565,title.kind_id,=,7,title.imdb_index,=,0#128554258
movie_keyword,cast_info,movie_info_idx,movie_info,title#title.id=movie_keyword.movie_id,title.id=cast_info.movie_id,title.id=movie_info_idx.movie_id,title.id=movie_info.movie_id#movie_info_idx.info_type_id,<,101,movie_info.info_type_id,>,2,title.production_year,>,111,title.imdb_index,>,0,title.kind_id,>,1,title.phonetic_code,>,2267#1467026
movie_companies,movie_info,cast_info,title#title.id=movie_companies.movie_id,title.id=movie_info.movie_id,title.id=cast_info.movie_id#movie_companies.company_type_id,<,2,movie_info.info_type_id,<,17,cast_info.role_id,=,4,title.imdb_index,=,0,title.series_years,>,0,title.production_year,<,66#15093
movie_keyword,cast_info,movie_info,movie_info_idx,title#title.id=movie_keyword.movie_id,title.id=cast_info.movie_id,title.id=movie_info.movie_id,title.id=movie_info_idx.movie_id#movie_keyword.keyword_id,>,249,cast_info.role_id,=,10,movie_info.info_type_id,<,107,movie_info_idx.info_type_id,=,99,title.season_nr,>,0,title.phonetic_code,>,8312#37556980
cast_info,movie_companies,title#title.id=cast_info.movie_id,title.id=movie_companies.movie_id#cast_info.nr_order,>,0,movie_companies.company_type_id,=,1,title.kind_id,=,1,title.phonetic_code,<,761,title.production_year,>,124,title.season_nr,=,0#48540
movie_keyword,movie_companies,movie_info,movie_info_idx,title#title.id=movie_keyword.movie_id,title.id=movie_companies.movie_id,title.id=movie_info.movie_id,title.id=movie_info_idx.movie_id#movie_keyword.keyword_id,>,643,movie_companies.company_type_id,=,1,movie_info.info_type_id,<,98,title.series_years,>,0,title.production_year,<,74,title.phonetic_code,<,11352#1020342
movie_info_idx,movie_companies,cast_info,title#title.id=movie_info_idx.movie_id,title.id=movie_companies.movie_id,title.id=cast_info.movie_id#movie_info_idx.info_type_id,=,101,movie_companies.company_type_id,=,1,title.episode_nr,<,8,title.phonetic_code,>,20409,title.kind_id,<,7,title.production_year,<,120#971365
movie_info_idx,movie_keyword,movie_companies,movie_info,title#title.id=movie_info_idx.movie_id,title.id=movie_keyword.movie_id,title.id=movie_companies.movie_id,title.id=movie_info.movie_id#movie_info_idx.info_type_id,=,99,movie_keyword.keyword_id,<,2488,movie_companies.company_type_id,>,1,movie_info.info_type_id,>,2,title.season_nr,=,0,title.kind_id,>,1#12394503
movie_keyword,movie_info,cast_info,title#title.id=movie_keyword.movie_id,title.id=movie_info.movie_id,title.id=cast_info.movie_id#movie_keyword.keyword_id,>,1028,cast_info.nr_order,>,0,title.production_year,<,127,title.season_nr,=,4,title.kind_id,=,7,title.episode_nr,>,5#4396622
movie_keyword,movie_info,cast_info,title#title.id=movie_keyword.movie_id,title.id=movie_info.movie_id,title.id=cast_info.movie_id#movie_keyword.keyword_id,>,463,movie_info.info_type_id,>,2,title.season_nr,<,7,title.series_years,>,0,title.production_year,<,110,title.imdb_index,>,0#21349
movie_info_idx,cast_info,movie_info,movie_keyword,title#title.id=movie_info_idx.movie_id,title.id=cast_info.movie_id,title.id=movie_info.movie_id,title.id=movie_keyword.movie_id#movie_info_idx.info_type_id,=,100,cast_info.nr_order,>,1,movie_info.info_type_id,<,103,movie_keyword.keyword_id,>,18623,title.production_year,>,126,title.imdb_index,=,0#4059400
movie_companies,movie_info,title#title.id=movie_companies.movie_id,title.id=movie_info.movie_id#movie_companies.company_type_id,>,1,movie_info.info_type_id,>,3,title.production_year,<,125,title.season_nr,>,0,title.episode_nr,>,0,title.phonetic_code,<,916#220331
movie_info,movie_info_idx,movie_companies,title#title.id=movie_info.movie_id,title.id=movie_info_idx.movie_id,title.id=movie_companies.movie_id#movie_info.info_type_id,<,106,movie_companies.company_type_id,<,2,title.phonetic_code,>,10150,title.kind_id,<,7,title.season_nr,<,2,title.production_year,<,104#20651961
cast_info,movie_info_idx,movie_info,movie_keyword,title#title.id=cast_info.movie_id,title.id=movie_info_idx.movie_id,title.id=movie_info.movie_id,title.id=movie_keyword.movie_id#cast_info.nr_order,>,2,movie_info.info_type_id,>,2,movie_keyword.keyword_id,<,7641,title.season_nr,>,0,title.kind_id,>,3,title.phonetic_code,<,5563#45660975
movie_info_idx,movie_keyword,movie_companies,cast_info,title#title.id=movie_info_idx.movie_id,title.id=movie_keyword.movie_id,title.id=movie_companies.movie_id,title.id=cast_info.movie_id#movie_keyword.keyword_id,<,72680,cast_info.nr_order,<,27,title.imdb_index,>,0,title.season_nr,<,1,title.phonetic_code,>,8987,title.series_years,>,0#4386
movie_companies,movie_keyword,cast_info,movie_info_idx,title#title.id=movie_companies.movie_id,title.id=movie_keyword.movie_id,title.id=cast_info.movie_id,title.id=movie_info_idx.movie_id#movie_companies.company_type_id,<,2,movie_keyword.keyword_id,<,7938,title.season_nr,>,0,title.imdb_index,=,0,title.kind_id,>,1,title.episode_nr,>,0#78812088
movie_companies,movie_info_idx,movie_info,title#title.id=movie_companies.movie_id,title.id=movie_info_idx.movie_id,title.id=movie_info.movie_id#movie_companies.company_type_id,>,1,movie_info.info_type_id,>,3,title.phonetic_code,<,11852,title.series_years,>,0,title.kind_id,<,7,title.imdb_index,>,0#9192
movie_info_idx,movie_info,movie_companies,title#title.id=movie_info_idx.movie_id,title.id=movie_info.movie_id,title.id=movie_companies.movie_id#movie_info_idx.info_type_id,<,101,movie_info.info_type_id,>,16,title.imdb_index,=,0,title.phonetic_code,<,17467,title.series_years,>,0,title.season_nr,=,0#1524256
movie_info_idx,movie_companies,movie_info,title#title.id=movie_info_idx.movie_id,title.id=movie_companies.movie_id,title.id=movie_info.movie_id#movie_info_idx.info_type_id,>,99,movie_companies.company_type_id,<,2,movie_info.info_type_id,<,98,title.season_nr,=,0,title.imdb_index,>,0,title.phonetic_code,<,10872#713956
cast_info,movie_info,movie_keyword,title#title.id=cast_info.movie_id,title.id=movie_info.movie_id,title.id=movie_keyword.movie_id#cast_info.role_id,<,10,movie_info.info_type_id,>,2,title.imdb_index,=,0,title.production_year,<,127,title.phonetic_code,<,22991,title.episode_nr,>,0#193728414
movie_info,movie_keyword,movie_companies,title#title.id=movie_info.movie_id,title.id=movie_keyword.movie_id,title.id=movie_companies.movie_id#movie_keyword.keyword_id,>,335,movie_companies.company_type_id,>,1,title.phonetic_code,>,13531,title.production_year,>,106,title.episode_nr,>,0,title.season_nr,>,0#2889332
movie_info,movie_keyword,cast_info,movie_companies,title#title.id=movie_info.movie_id,title.id=movie_keyword.movie_id,title.id=cast_info.movie_id,title.id=movie_companies.movie_id#movie_keyword.keyword_id,<,16109,movie_companies.company_type_id,>,1,title.season_nr,=,0,title.production_year,<,114,title.kind_id,>,2,title.imdb_index,>,0#1013197
cast_info,movie_keyword,movie_info,title#title.id=cast_info.movie_id,title.id=movie_keyword.movie_id,title.id=movie_info.movie_id#movie_keyword.keyword_id,<,83041,movie_info.info_type_id,<,107,title.production_year,>,109,title.kind_id,=,1,title.phonetic_code,>,16820,title.season_nr,=,0#3072130590
movie_info_idx,movie_companies,movie_info,movie_keyword,title#title.id=movie_info_idx.movie_id,title.id=movie_companies.movie_id,title.id=movie_info.movie_id,title.id=movie_keyword.movie_id#movie_info_idx.info_type_id,=,100,movie_companies.company_type_id,<,2,title.production_year,<,127,title.season_nr,=,0,title.series_years,<,652,title.kind_id,=,1#3966756108
movie_keyword,movie_info_idx,movie_companies,movie_info,title#title.id=movie_keyword.movie_id,title.id=movie_info_idx.movie_id,title.id=movie_companies.movie_id,title.id=movie_info.movie_id#movie_keyword.keyword_id,<,82125,movie_companies.company_type_id,=,1,title.imdb_index,=,0,title.phonetic_code,>,6355,title.episode_nr,<,10,title.production_year,>,92#6346286041
movie_info,cast_info,movie_companies,title#title.id=movie_info.movie_id,title.id=cast_info.movie_id,title.id=movie_companies.movie_id#movie_info.info_type_id,>,1,movie_companies.company_type_id,=,1,title.season_nr,<,7,title.series_years,>,0,title.production_year,>,112,title.phonetic_code,>,5562#11192381
movie_companies,movie_info_idx,cast_info,title#title.id=movie_companies.movie_id,title.id=movie_info_idx.movie_id,title.id=cast_info.movie_id#movie_companies.company_type_id,=,2,cast_info.nr_order,>,1,title.season_nr,<,14,title.kind_id,<,7,title.episode_nr,<,3,title.series_years,>,0#351459
cast_info,movie_keyword,movie_companies,movie_info_idx,title#title.id=cast_info.movie_id,title.id=movie_keyword.movie_id,title.id=movie_companies.movie_id,title.id=movie_info_idx.movie_id#cast_info.role_id,=,8,movie_info_idx.info_type_id,<,101,title.phonetic_code,<,2401,title.season_nr,<,2,title.kind_id,=,7,title.production_year,<,127#221134
movie_companies,movie_keyword,movie_info,movie_info_idx,title#title.id=movie_companies.movie_id,title.id=movie_keyword.movie_id,title.id=movie_info.movie_id,title.id=movie_info_idx.movie_id#movie_companies.company_type_id,=,2,movie_info.info_type_id,>,1,movie_info_idx.info_type_id,<,101,title.season_nr,>,0,title.production_year,>,120,title.series_years,<,1366#9737826
movie_info_idx,movie_companies,movie_info,cast_info,title#title.id=movie_info_idx.movie_id,title.id=movie_companies.movie_id,title.id=movie_info.movie_id,title.id=cast_info.movie_id#movie_companies.company_type_id,=,2,movie_info.info_type_id,>,2,cast_info.role_id,=,1,title.kind_id,>,4,title.episode_nr,>,0,title.production_year,>,114#36683919
movie_info,cast_info,movie_info_idx,title#title.id=movie_info.movie_id,title.id=cast_info.movie_id,title.id=movie_info_idx.movie_id#movie_info.info_type_id,>,2,cast_info.nr_order,>,0,movie_info_idx.info_type_id,<,101,title.production_year,>,116,title.season_nr,>,0,title.episode_nr,>,0#16477802
movie_keyword,movie_info,title#title.id=movie_keyword.movie_id,title.id=movie_info.movie_id#movie_keyword.keyword_id,<,41212,movie_info.info_type_id,>,7,title.phonetic_code,>,18311,title.production_year,<,84,title.imdb_index,>,0,title.kind_id,=,1#3951
movie_info,movie_keyword,cast_info,title#title.id=movie_info.movie_id,title.id=movie_keyword.movie_id,title.id=cast_info.movie_id#movie_info.info_type_id,<,18,cast_info.nr_order,>,1,title.season_nr,<,1,title.series_years,>,0,title.imdb_index,=,0,title.production_year,>,125#30554
movie_info,movie_companies,cast_info,movie_keyword,title#title.id=movie_info.movie_id,title.id=movie_companies.movie_id,title.id=cast_info.movie_id,title.id=movie_keyword.movie_id#movie_info.info_type_id,>,2,movie_companies.company_type_id,=,2,cast_info.nr_order,<,1,movie_keyword.keyword_id,<,72501,title.imdb_index,>,0,title.phonetic_code,<,5341#5323721
movie_info,cast_info,movie_info_idx,title#title.id=movie_info.movie_id,title.id=cast_info.movie_id,title.id=movie_info_idx.movie_id#cast_info.role_id,>,1,movie_info_idx.info_type_id,=,101,title.episode_nr,>,0,title.phonetic_code,<,16638,title.kind_id,>,3,title.production_year,>,124#3546643
movie_info_idx,movie_info,title#title.id=movie_info_idx.movie_id,title.id=movie_info.movie_id#movie_info_idx.info_type_id,<,101,movie_info.info_type_id,<,18,title.phonetic_code,<,11950,title.kind_id,=,7,title.production_year,>,113,title.season_nr,=,28#318
movie_info,movie_info_idx,movie_keyword,title#title.id=movie_info.movie_id,title.id=movie_info_idx.movie_id,title.id=movie_keyword.movie_id#movie_info.info_type_id,>,2,movie_info_idx.info_type_id,>,99,title.phonetic_code,<,22504,title.imdb_index,>,0,title.season_nr,<,4,title.kind_id,<,7#8988846
movie_companies,movie_info,title#title.id=movie_companies.movie_id,title.id=movie_info.movie_id#movie_companies.company_type_id,>,1,movie_info.info_type_id,<,8,title.imdb_index,=,0,title.season_nr,>,0,title.production_year,>,125,title.episode_nr,>,0#61933
movie_keyword,cast_info,movie_companies,movie_info,title#title.id=movie_keyword.movie_id,title.id=cast_info.movie_id,title.id=movie_companies.movie_id,title.id=movie_info.movie_id#movie_keyword.keyword_id,<,10821,movie_companies.company_type_id,<,2,movie_info.info_type_id,<,18,title.production_year,<,122,title.imdb_index,>,0,title.kind_id,>,1#9266682
movie_info_idx,cast_info,movie_keyword,title#title.id=movie_info_idx.movie_id,title.id=cast_info.movie_id,title.id=movie_keyword.movie_id#movie_info_idx.info_type_id,=,99,cast_info.nr_order,>,0,title.phonetic_code,<,18595,title.production_year,>,80,title.season_nr,=,0,title.episode_nr,<,32#57827246
movie_companies,movie_keyword,movie_info_idx,cast_info,title#title.id=movie_companies.movie_id,title.id=movie_keyword.movie_id,title.id=movie_info_idx.movie_id,title.id=cast_info.movie_id#movie_companies.company_type_id,<,2,movie_info_idx.info_type_id,<,101,title.season_nr,=,0,title.production_year,>,107,title.imdb_index,>,0,title.series_years,<,1174#150998006
cast_info,movie_keyword,movie_info,movie_companies,title#title.id=cast_info.movie_id,title.id=movie_keyword.movie_id,title.id=movie_info.movie_id,title.id=movie_companies.movie_id#movie_keyword.keyword_id,>,137,movie_info.info_type_id,<,94,title.series_years,>,0,title.episode_nr,>,0,title.imdb_index,=,0,title.kind_id,>,4#13472
movie_info,cast_info,movie_companies,title#title.id=movie_info.movie_id,title.id=cast_info.movie_id,title.id=movie_companies.movie_id#movie_info.info_type_id,>,2,cast_info.role_id,<,6,movie_companies.company_type_id,>,1,title.episode_nr,>,0,title.production_year,>,73,title.imdb_index,=,0#61845877
cast_info,movie_companies,movie_info,movie_keyword,title#title.id=cast_info.movie_id,title.id=movie_companies.movie_id,title.id=movie_info.movie_id,title.id=movie_keyword.movie_id#cast_info.nr_order,<,1001,movie_companies.company_type_id,>,1,movie_info.info_type_id,<,9,title.production_year,>,0,title.phonetic_code,<,18960,title.season_nr,<,20#6123380297
cast_info,movie_keyword,movie_info,movie_companies,title#title.id=cast_info.movie_id,title.id=movie_keyword.movie_id,title.id=movie_info.movie_id,title.id=movie_companies.movie_id#movie_info.info_type_id,<,106,movie_companies.company_type_id,<,2,title.imdb_index,=,0,title.episode_nr,>,0,title.phonetic_code,>,13962,title.production_year,<,82#6082575
movie_keyword,movie_info,movie_companies,cast_info,title#title.id=movie_keyword.movie_id,title.id=movie_info.movie_id,title.id=movie_companies.movie_id,title.id=cast_info.movie_id#movie_keyword.keyword_id,>,263,movie_info.info_type_id,>,3,title.phonetic_code,<,17160,title.series_years,<,1324,title.production_year,<,124,title.season_nr,=,2#146728468
movie_keyword,movie_info_idx,cast_info,title#title.id=movie_keyword.movie_id,title.id=movie_info_idx.movie_id,title.id=cast_info.movie_id#movie_keyword.keyword_id,<,39502,cast_info.nr_order,>,2,title.production_year,>,85,title.kind_id,>,1,title.phonetic_code,<,6496,title.imdb_index,>,0#29967
movie_keyword,movie_companies,movie_info,movie_info_idx,title#title.id=movie_keyword.movie_id,title.id=movie_companies.movie_id,title.id=movie_info.movie_id,title.id=movie_info_idx.movie_id#movie_companies.company_type_id,<,2,movie_info.info_type_id,>,2,title.production_year,>,51,title.episode_nr,>,0,title.phonetic_code,<,19425,title.imdb_index,=,0#46060590
movie_companies,movie_info_idx,movie_info,cast_info,title#title.id=movie_companies.movie_id,title.id=movie_info_idx.movie_id,title.id=movie_info.movie_id,title.id=cast_info.movie_id#movie_companies.company_type_id,<,2,movie_info.info_type_id,<,16,title.episode_nr,<,6,title.season_nr,<,2,title.production_year,<,125,title.phonetic_code,>,16805#1151715958
movie_info_idx,movie_info,movie_keyword,movie_companies,title#title.id=movie_info_idx.movie_id,title.id=movie_info.movie_id,title.id=movie_keyword.movie_id,title.id=movie_companies.movie_id#movie_info.info_type_id,<,107,movie_keyword.keyword_id,>,3337,title.season_nr,<,2,title.series_years,>,0,title.phonetic_code,<,16303,title.production_year,<,119#61352229
movie_info_idx,movie_info,movie_keyword,title#title.id=movie_info_idx.movie_id,title.id=movie_info.movie_id,title.id=movie_keyword.movie_id#movie_info_idx.info_type_id,=,99,movie_info.info_type_id,<,16,title.episode_nr,<,211,title.production_year,>,82,title.series_years,<,1057,title.imdb_index,=,0#85530839
movie_companies,movie_info,movie_keyword,movie_info_idx,title#title.id=movie_companies.movie_id,title.id=movie_info.movie_id,title.id=movie_keyword.movie_id,title.id=movie_info_idx.movie_id#movie_info.info_type_id,<,107,movie_info_idx.info_type_id,<,101,title.kind_id,<,7,title.phonetic_code,>,10311,title.season_nr,<,5,title.production_year,>,109#2636210932
cast_info,movie_companies,movie_keyword,title#title.id=cast_info.movie_id,title.id=movie_companies.movie_id,title.id=movie_keyword.movie_id#cast_info.role_id,<,10,movie_companies.company_type_id,<,2,movie_keyword.keyword_id,>,87,title.season_nr,>,0,title.episode_nr,>,0,title.phonetic_code,>,13770#10885815
movie_info_idx,movie_keyword,cast_info,movie_info,title#title.id=movie_info_idx.movie_id,title.id=movie_keyword.movie_id,title.id=cast_info.movie_id,title.id=movie_info.movie_id#movie_keyword.keyword_id,>,178,movie_info.info_type_id,<,8,title.imdb_index,>,0,title.series_years,>,0,title.production_year,<,125,title.phonetic_code,<,22158#449886
movie_info,movie_info_idx,movie_companies,movie_keyword,title#title.id=movie_info.movie_id,title.id=movie_info_idx.movie_id,title.id=movie_companies.movie_id,title.id=movie_keyword.movie_id#movie_info_idx.info_type_id,=,101,movie_companies.company_type_id,=,2,movie_keyword.keyword_id,<,21233,title.production_year,>,114,title.series_years,>,0,title.phonetic_code,>,761#4776515
movie_info_idx,movie_companies,cast_info,title#title.id=movie_info_idx.movie_id,title.id=movie_companies.movie_id,title.id=cast_info.movie_id#movie_info_idx.info_type_id,=,101,movie_companies.company_type_id,<,2,cast_info.role_id,>,1,title.imdb_index,=,0,title.kind_id,>,1,title.series_years,>,0#663633
movie_companies,cast_info,movie_keyword,title#title.id=movie_companies.movie_id,title.id=cast_info.movie_id,title.id=movie_keyword.movie_id#movie_companies.company_type_id,<,2,cast_info.nr_order,>,1,title.production_year,<,120,title.season_nr,<,2,title.kind_id,<,7,title.phonetic_code,<,8124#251193936
movie_info_idx,cast_info,movie_info,title#title.id=movie_info_idx.movie_id,title.id=cast_info.movie_id,title.id=movie_info.movie_id#cast_info.role_id,<,10,movie_info.info_type_id,>,2,title.season_nr,=,0,title.imdb_index,=,0,title.phonetic_code,>,10563,title.series_years,>,0#6903801
movie_keyword,movie_companies,movie_info_idx,title#title.id=movie_keyword.movie_id,title.id=movie_companies.movie_id,title.id=movie_info_idx.movie_id#movie_keyword.keyword_id,<,72999,movie_companies.company_type_id,>,1,title.imdb_index,=,0,title.episode_nr,<,10,title.season_nr,<,1,title.production_year,>,92#16348035
movie_companies,movie_info,movie_info_idx,movie_keyword,title#title.id=movie_companies.movie_id,title.id=movie_info.movie_id,title.id=movie_info_idx.movie_id,title.id=movie_keyword.movie_id#movie_info.info_type_id,<,104,movie_keyword.keyword_id,>,240,title.series_years,>,0,title.kind_id,>,1,title.phonetic_code,<,1318,title.season_nr,=,0#24867525
movie_keyword,movie_companies,movie_info,movie_info_idx,title#title.id=movie_keyword.movie_id,title.id=movie_companies.movie_id,title.id=movie_info.movie_id,title.id=movie_info_idx.movie_id#movie_keyword.keyword_id,>,62,movie_info_idx.info_type_id,>,99,title.phonetic_code,<,20710,title.kind_id,=,1,title.season_nr,=,0,title.imdb_index,=,0#9389040904
movie_info,movie_keyword,title#title.id=movie_info.movie_id,title.id=movie_keyword.movie_id#movie_info.info_type_id,>,4,movie_keyword.keyword_id,<,10237,title.episode_nr,>,0,title.phonetic_code,<,17215,title.kind_id,>,1,title.series_years,>,0#324
cast_info,movie_companies,movie_keyword,movie_info,title#title.id=cast_info.movie_id,title.id=movie_companies.movie_id,title.id=movie_keyword.movie_id,title.id=movie_info.movie_id#cast_info.nr_order,<,28,movie_companies.company_type_id,=,2,movie_keyword.keyword_id,>,359,movie_info.info_type_id,<,104,title.series_years,>,0,title.production_year,>,88#14579604
movie_keyword,movie_companies,movie_info,title#title.id=movie_keyword.movie_id,title.id=movie_companies.movie_id,title.id=movie_info.movie_id#movie_keyword.keyword_id,>,941,movie_companies.company_type_id,=,1,movie_info.info_type_id,>,5,title.phonetic_code,<,2681,title.kind_id,=,1,title.imdb_index,=,0#551670718
movie_keyword,movie_info_idx,movie_info,movie_companies,title#title.id=movie_keyword.movie_id,title.id=movie_info_idx.movie_id,title.id=movie_info.movie_id,title.id=movie_companies.movie_id#movie_keyword.keyword_id,<,73464,movie_info_idx.info_type_id,>,99,movie_info.info_type_id,<,106,title.phonetic_code,>,1196,title.production_year,>,116,title.kind_id,=,1#3052422788
movie_info_idx,movie_keyword,movie_companies,movie_info,title#title.id=movie_info_idx.movie_id,title.id=movie_keyword.movie_id,title.id=movie_companies.movie_id,title.id=movie_info.movie_id#movie_info_idx.info_type_id,>,99,movie_companies.company_type_id,<,2,title.kind_id,=,7,title.phonetic_code,<,2554,title.production_year,<,125,title.season_nr,<,1#22714
movie_info,movie_keyword,movie_companies,cast_info,title#title.id=movie_info.movie_id,title.id=movie_keyword.movie_id,title.id=movie_companies.movie_id,title.id=cast_info.movie_id#movie_keyword.keyword_id,>,820,movie_companies.company_type_id,=,2,cast_info.role_id,>,1,title.imdb_index,>,0,title.kind_id,>,2,title.phonetic_code,>,718#1293811
movie_info,cast_info,movie_companies,title#title.id=movie_info.movie_id,title.id=cast_info.movie_id,title.id=movie_companies.movie_id#movie_info.info_type_id,>,2,movie_companies.company_type_id,=,1,title.season_nr,=,0,title.phonetic_code,>,3199,title.series_years,>,0,title.production_year,>,87#27079167
movie_keyword,movie_info_idx,cast_info,title#title.id=movie_keyword.movie_id,title.id=movie_info_idx.movie_id,title.id=cast_info.movie_id#movie_keyword.keyword_id,>,813,movie_info_idx.info_type_id,=,101,cast_info.nr_order,>,3,title.phonetic_code,<,9039,title.production_year,>,97,title.kind_id,=,1#16875067
movie_info,cast_info,movie_info_idx,movie_companies,title#title.id=movie_info.movie_id,title.id=cast_info.movie_id,title.id=movie_info_idx.movie_id,title.id=movie_companies.movie_id#movie_info.info_type_id,>,2,cast_info.role_id,=,1,title.series_years,>,0,title.season_nr,=,0,title.kind_id,<,7,title.episode_nr,<,28#38023845
movie_keyword,movie_companies,cast_info,movie_info_idx,title#title.id=movie_keyword.movie_id,title.id=movie_companies.movie_id,title.id=cast_info.movie_id,title.id=movie_info_idx.movie_id#movie_companies.company_type_id,<,2,cast_info.role_id,>,1,title.episode_nr,<,32,title.imdb_index,>,0,title.kind_id,>,1,title.production_year,<,126#798009
movie_info_idx,movie_keyword,movie_companies,title#title.id=movie_info_idx.movie_id,title.id=movie_keyword.movie_id,title.id=movie_companies.movie_id#movie_info_idx.info_type_id,>,99,movie_keyword.keyword_id,<,78100,movie_companies.company_type_id,>,1,title.imdb_index,=,0,title.season_nr,>,0,title.kind_id,>,1#1107448
movie_info_idx,movie_info,cast_info,title#title.id=movie_info_idx.movie_id,title.id=movie_info.movie_id,title.id=cast_info.movie_id#movie_info_idx.info_type_id,<,101,movie_info.info_type_id,<,16,title.kind_id,>,1,title.production_year,<,126,title.season_nr,=,0,title.phonetic_code,>,0#49891126
movie_companies,movie_keyword,movie_info,movie_info_idx,title#title.id=movie_companies.movie_id,title.id=movie_keyword.movie_id,title.id=movie_info.movie_id,title.id=movie_info_idx.movie_id#movie_keyword.keyword_id,<,83549,movie_info.info_type_id,<,98,movie_info_idx.info_type_id,=,101,title.series_years,>,0,title.phonetic_code,>,4227,title.kind_id,>,1#55926268
movie_companies,cast_info,movie_info,movie_keyword,title#title.id=movie_companies.movie_id,title.id=cast_info.movie_id,title.id=movie_info.movie_id,title.id=movie_keyword.movie_id#movie_companies.company_type_id,=,1,movie_info.info_type_id,>,2,title.imdb_index,=,0,title.series_years,>,0,title.production_year,<,121,title.season_nr,=,0#1384002008
movie_info,movie_companies,movie_keyword,cast_info,title#title.id=movie_info.movie_id,title.id=movie_companies.movie_id,title.id=movie_keyword.movie_id,title.id=cast_info.movie_id#movie_info.info_type_id,>,2,movie_companies.company_type_id,<,2,cast_info.role_id,<,10,title.season_nr,>,0,title.series_years,>,0,title.production_year,>,92#13893
movie_keyword,cast_info,movie_companies,title#title.id=movie_keyword.movie_id,title.id=cast_info.movie_id,title.id=movie_companies.movie_id#movie_keyword.keyword_id,>,56,cast_info.role_id,=,2,movie_companies.company_type_id,>,1,title.phonetic_code,<,11359,title.kind_id,=,1,title.imdb_index,>,0#1270616
cast_info,movie_keyword,movie_info_idx,movie_companies,title#title.id=cast_info.movie_id,title.id=movie_keyword.movie_id,title.id=movie_info_idx.movie_id,title.id=movie_companies.movie_id#cast_info.nr_order,<,30,movie_keyword.keyword_id,<,1035,movie_companies.company_type_id,<,2,title.phonetic_code,<,5685,title.kind_id,<,7,title.episode_nr,<,15#112901190
movie_keyword,movie_companies,cast_info,movie_info,title#title.id=movie_keyword.movie_id,title.id=movie_companies.movie_id,title.id=cast_info.movie_id,title.id=movie_info.movie_id#movie_keyword.keyword_id,<,103766,movie_companies.company_type_id,=,2,movie_info.info_type_id,<,16,title.phonetic_code,>,1895,title.production_year,<,69,title.kind_id,>,1#3013445
movie_keyword,movie_info,movie_companies,title#title.id=movie_keyword.movie_id,title.id=movie_info.movie_id,title.id=movie_companies.movie_id#movie_keyword.keyword_id,<,26488,movie_info.info_type_id,>,1,title.season_nr,>,0,title.kind_id,>,3,title.imdb_index,=,0,title.phonetic_code,<,20401#22776789
movie_info,movie_info_idx,movie_keyword,title#title.id=movie_info.movie_id,title.id=movie_info_idx.movie_id,title.id=movie_keyword.movie_id#movie_info.info_type_id,<,106,movie_keyword.keyword_id,<,38978,title.series_years,>,0,title.phonetic_code,>,5976,title.imdb_index,>,0,title.season_nr,=,0#42372
movie_info,movie_keyword,movie_info_idx,cast_info,title#title.id=movie_info.movie_id,title.id=movie_keyword.movie_id,title.id=movie_info_idx.movie_id,title.id=cast_info.movie_id#movie_info.info_type_id,>,1,movie_info_idx.info_type_id,=,100,cast_info.role_id,<,9,title.kind_id,>,1,title.production_year,<,123,title.series_years,>,0#62780075
cast_info,movie_info,movie_keyword,movie_companies,title#title.id=cast_info.movie_id,title.id=movie_info.movie_id,title.id=movie_keyword.movie_id,title.id=movie_companies.movie_id#movie_info.info_type_id,<,98,movie_companies.company_type_id,<,2,title.episode_nr,<,20,title.production_year,<,127,title.kind_id,=,7,title.season_nr,>,2#295850047
movie_info_idx,movie_info,movie_companies,movie_keyword,title#title.id=movie_info_idx.movie_id,title.id=movie_info.movie_id,title.id=movie_companies.movie_id,title.id=movie_keyword.movie_id#movie_info_idx.info_type_id,=,101,movie_companies.company_type_id,<,2,title.production_year,<,127,title.phonetic_code,>,298,title.episode_nr,<,12,title.season_nr,<,15#3973838730
movie_info,cast_info,movie_companies,movie_info_idx,title#title.id=movie_info.movie_id,title.id=cast_info.movie_id,title.id=movie_companies.movie_id,title.id=movie_info_idx.movie_id#movie_info.info_type_id,>,1,cast_info.role_id,=,5,movie_info_idx.info_type_id,=,101,title.imdb_index,=,0,title.production_year,>,120,title.episode_nr,>,0#1470094
cast_info,movie_info_idx,movie_info,movie_companies,title#title.id=cast_info.movie_id,title.id=movie_info_idx.movie_id,title.id=movie_info.movie_id,title.id=movie_companies.movie_id#cast_info.nr_order,<,21,movie_info.info_type_id,>,2,movie_companies.company_type_id,=,1,title.kind_id,>,1,title.phonetic_code,<,6721,title.series_years,>,0#11687811
movie_companies,movie_info_idx,movie_keyword,cast_info,title#title.id=movie_companies.movie_id,title.id=movie_info_idx.movie_id,title.id=movie_keyword.movie_id,title.id=cast_info.movie_id#movie_info_idx.info_type_id,>,99,movie_keyword.keyword_id,<,38890,cast_info.nr_order,<,62,title.production_year,>,110,title.phonetic_code,>,5508,title.kind_id,>,3#41503122
movie_companies,movie_info_idx,movie_info,cast_info,title#title.id=movie_companies.movie_id,title.id=movie_info_idx.movie_id,title.id=movie_info.movie_id,title.id=cast_info.movie_id#movie_companies.company_type_id,>,1,movie_info.info_type_id,>,1,title.series_years,<,1081,title.episode_nr,>,0,title.production_year,>,102,title.phonetic_code,<,17168#180550044
movie_companies,movie_info,movie_info_idx,title#title.id=movie_companies.movie_id,title.id=movie_info.movie_id,title.id=movie_info_idx.movie_id#movie_info.info_type_id,<,18,movie_info_idx.info_type_id,=,99,title.kind_id,<,6,title.series_years,>,0,title.production_year,>,119,title.imdb_index,=,0#443916
movie_keyword,cast_info,title#title.id=movie_keyword.movie_id,title.id=cast_info.movie_id#movie_keyword.keyword_id,>,359,cast_info.role_id,>,1,title.production_year,>,116,title.phonetic_code,<,12808,title.kind_id,<,2,title.series_years,<,1324#30657880
movie_companies,movie_info_idx,movie_keyword,cast_info,title#title.id=movie_companies.movie_id,title.id=movie_info_idx.movie_id,title.id=movie_keyword.movie_id,title.id=cast_info.movie_id#movie_companies.company_type_id,=,1,movie_info_idx.info_type_id,>,99,title.series_years,>,0,title.episode_nr,<,1364,title.production_year,>,38,title.imdb_index,=,0#24705958
movie_info,movie_keyword,movie_companies,cast_info,title#title.id=movie_info.movie_id,title.id=movie_keyword.movie_id,title.id=movie_companies.movie_id,title.id=cast_info.movie_id#movie_info.info_type_id,<,105,movie_keyword.keyword_id,>,117,title.kind_id,=,7,title.episode_nr,>,0,title.imdb_index,=,0,title.series_years,>,0#13472
movie_companies,movie_keyword,movie_info,cast_info,title#title.id=movie_companies.movie_id,title.id=movie_keyword.movie_id,title.id=movie_info.movie_id,title.id=cast_info.movie_id#movie_keyword.keyword_id,>,585,cast_info.role_id,>,1,title.series_years,>,0,title.phonetic_code,<,11797,title.imdb_index,>,0,title.episode_nr,<,10#3635892
movie_companies,movie_info_idx,movie_keyword,movie_info,title#title.id=movie_companies.movie_id,title.id=movie_info_idx.movie_id,title.id=movie_keyword.movie_id,title.id=movie_info.movie_id#movie_companies.company_type_id,>,1,movie_info_idx.info_type_id,<,101,title.kind_id,>,1,title.season_nr,<,5,title.episode_nr,<,2,title.imdb_index,>,0#331580
movie_keyword,movie_companies,movie_info,movie_info_idx,title#title.id=movie_keyword.movie_id,title.id=movie_companies.movie_id,title.id=movie_info.movie_id,title.id=movie_info_idx.movie_id#movie_companies.company_type_id,=,2,movie_info.info_type_id,>,1,title.season_nr,<,1,title.kind_id,=,1,title.production_year,<,127,title.phonetic_code,>,0#2088292577
movie_keyword,movie_companies,movie_info,title#title.id=movie_keyword.movie_id,title.id=movie_companies.movie_id,title.id=movie_info.movie_id#movie_keyword.keyword_id,<,128486,movie_companies.company_type_id,>,1,movie_info.info_type_id,>,1,title.kind_id,=,4,title.phonetic_code,>,1196,title.imdb_index,>,0#23526
movie_keyword,movie_info_idx,movie_companies,cast_info,title#title.id=movie_keyword.movie_id,title.id=movie_info_idx.movie_id,title.id=movie_companies.movie_id,title.id=cast_info.movie_id#movie_info_idx.info_type_id,=,99,movie_companies.company_type_id,<,2,title.kind_id,=,7,title.production_year,<,93,title.episode_nr,<,5,title.season_nr,>,4#133892
movie_companies,movie_keyword,movie_info,movie_info_idx,title#title.id=movie_companies.movie_id,title.id=movie_keyword.movie_id,title.id=movie_info.movie_id,title.id=movie_info_idx.movie_id#movie_companies.company_type_id,<,2,movie_info_idx.info_type_id,=,99,title.production_year,>,84,title.phonetic_code,>,2106,title.imdb_index,=,0,title.season_nr,>,0#14355139
movie_keyword,movie_info_idx,movie_companies,movie_info,title#title.id=movie_keyword.movie_id,title.id=movie_info_idx.movie_id,title.id=movie_companies.movie_id,title.id=movie_info.movie_id#movie_keyword.keyword_id,>,181,movie_info_idx.info_type_id,<,101,movie_companies.company_type_id,<,2,title.phonetic_code,<,17708,title.series_years,>,0,title.imdb_index,>,0#574566
movie_info_idx,movie_companies,movie_info,cast_info,title#title.id=movie_info_idx.movie_id,title.id=movie_companies.movie_id,title.id=movie_info.movie_id,title.id=cast_info.movie_id#movie_companies.company_type_id,>,1,movie_info.info_type_id,>,3,cast_info.role_id,=,1,title.season_nr,>,0,title.production_year,<,86,title.episode_nr,>,0#6452547
movie_info,cast_info,movie_companies,movie_keyword,title#title.id=movie_info.movie_id,title.id=cast_info.movie_id,title.id=movie_companies.movie_id,title.id=movie_keyword.movie_id#movie_companies.company_type_id,<,2,movie_keyword.keyword_id,>,434,title.phonetic_code,<,6031,title.season_nr,>,1,title.kind_id,=,7,title.production_year,<,95#11391962
movie_info_idx,movie_keyword,cast_info,movie_info,title#title.id=movie_info_idx.movie_id,title.id=movie_keyword.movie_id,title.id=cast_info.movie_id,title.id=movie_info.movie_id#movie_info_idx.info_type_id,<,101,movie_keyword.keyword_id,>,25875,title.season_nr,>,0,title.production_year,<,71,title.phonetic_code,>,7422,title.imdb_index,=,0#149112
cast_info,movie_companies,movie_info_idx,movie_keyword,title#title.id=cast_info.movie_id,title.id=movie_companies.movie_id,title.id=movie_info_idx.movie_id,title.id=movie_keyword.movie_id#cast_info.role_id,<,9,movie_companies.company_type_id,>,1,title.kind_id,<,7,title.phonetic_code,>,0,title.series_years,>,0,title.episode_nr,<,144#12725571
cast_info,movie_companies,movie_info,title#title.id=cast_info.movie_id,title.id=movie_companies.movie_id,title.id=movie_info.movie_id#cast_info.nr_order,<,41,movie_info.info_type_id,>,16,title.production_year,>,122,title.phonetic_code,>,16353,title.kind_id,=,7,title.season_nr,=,4#50796
movie_info_idx,movie_info,cast_info,movie_companies,title#title.id=movie_info_idx.movie_id,title.id=movie_info.movie_id,title.id=cast_info.movie_id,title.id=movie_companies.movie_id#movie_info_idx.info_type_id,>,99,cast_info.nr_order,<,51,movie_companies.company_type_id,>,1,title.series_years,>,0,title.phonetic_code,<,5290,title.kind_id,>,1#1476438
